date,day,start,end,name,organiser,category,type,price,venue,featured,soldout,platform,luma,register,score,themes,note
2026-10-06,Tue 6 Oct,09:00,11:30,APAC Enterprise & Tokenization Breakfast,The Capital Summit,Networking,Free,0,Conrad Singapore Orchard,,,luma.com,YES,https://luma.com/u250ag4s,29,"RWA_Tokenizationx1,Enterprise_Chainx1,APAC_Marketx2,Investor_Fundraisex1",
2026-10-08,Thu 8 Oct,08:30,12:00,"Payments, Treasury and Tokenization Summit 2026","8 circle, XDC, PWC and in collaboration with Microsoft",Conference/Summit,Free,0,PwC Singapore,,,luma.com,YES,https://luma.com/dnonqx1u,25,"RWA_Tokenizationx2,Stablecoin_Paymentsx1,APAC_Marketx1",
2026-10-08,Thu 8 Oct,15:30,18:30,"The Treasury Table: A CFO Summit on Stablecoins, Payments, and the Future of Business Banking",Personal,Conference/Summit,Free,,,,,luma.com,YES,https://luma.com/k8jylkcm,25,"RWA_Tokenizationx1,Enterprise_Chainx1,Stablecoin_Paymentsx2",
2026-10-07,Wed 7 Oct,18:00,20:00,Digital Capital at The National Gallery - Founders/Family Offices/Investors,Hoko Agency,Networking,Free,,National Gallery Singapore,,,luma.com,YES,https://luma.com/iscvsjl9?locale=en-GB,23,"Institutional_DATx2,APAC_Marketx1,Investor_Fundraisex2",
2026-10-06,Tue 6 Oct,12:00,17:00,The Capital Summit x Asia Stablecoin Conference,The Capital Summit,Conference/Summit,Free & Paid,0,Conrad Singapore Orchard,,,luma.com,YES,https://luma.com/5ldoya9l,22,"Stablecoin_Paymentsx1,APAC_Marketx2,Investor_Fundraisex1",
2026-10-08,Thu 8 Oct,13:30,17:30,AI & Emerging Onchain Assets,BiXin Ventures,Networking,Free,0,"70 Bendemeer Rd, Singapore 339940",,,luma.com,YES,https://luma.com/09pd8o7a,22,"RWA_Tokenizationx1,Institutional_DATx1,APAC_Marketx1,AIx1,Infra_Interopx1",
2026-10-06,Tue 6 Oct,16:30,21:00,Demo Day & Pitch Competition | Hosted by Nonlocal,Hosted by Atlassoit,Workshop/Hackathon,Free,,The Spot - Singapore,,,luma.com,YES,https://luma.com/m54egbft,21,"APAC_Marketx1,Investor_Fundraisex3",
2026-10-06,Tue 6 Oct,16:00,20:00,TOKENISED SINGAPORE VIP EVENT,RWA WEEK,Networking,Free,0,Marina One West Tower,,,luma.com,YES,https://luma.com/tokenised,19,"RWA_Tokenizationx2,APAC_Marketx1",
2026-10-09,Fri 9 Oct,10:00,17:00,RWA SUMMIT SINGAPORE,UVECON.VC | UVC GROUP,Conference/Summit,Free & Paid,0,Marina One West Tower,,,luma.com,YES,https://luma.com/rwasummit,19,"RWA_Tokenizationx1,Institutional_DATx1,APAC_Marketx1",
2026-10-07,Wed 7 Oct,14:30,17:00,1st Liquidity Wins: Making Markets in Asia's Local Stablecoins with Sera.cx,Sera.cx,Workshop/Hackathon,Free,,Centurion Haus Singapore,,,luma.com,YES,https://luma.com/lbmwf1rg,18,"Stablecoin_Paymentsx1,APAC_Marketx2",
2026-10-07,Wed 7 Oct,15:00,20:00,"DFC Pitch Competition Singapore: $100,000+ in Startup Benefits (with Arbitr",DeFi Founders Club,Startup Competition,Free,0,One Raffles Quay,,,luma.com,YES,https://luma.com/clqsn9rk,18,"APAC_Marketx1,Investor_Fundraisex2",
2026-10-06,Tue 6 Oct,09:00,12:00,AI & Formal Verification for Onchain Finance,QuillAudits,Networking,Free,0,Singapore,,,luma.com,YES,https://luma.com/craugplf,17,"Regulation_Compliancex1,APAC_Marketx1,AIx1,Infra_Interopx1",
2026-10-09,Fri 9 Oct,19:30,22:30,"The Institutional Table: Private Dinner on Tokenization, Stablecoins and Se",QuillAudits,Party/Dinner,Free,0,,,,luma.com,YES,https://luma.com/quilla-00kv,17,"RWA_Tokenizationx1,Regulation_Compliancex1,Stablecoin_Paymentsx1,Institutional_DATx1",
2026-10-11,Sun 11 Oct,13:30,16:30,1 Oct: A Programmable Economy at the Speed of AI with Vitalik Buterin,Ethereum Ecosystem Fund,Conference/Summit,Free,0,Singapore FinTech Association,,,luma.com,YES,https://luma.com/event/manage/evt-Cc2bDtTNBajOQuN,17,"Institutional_DATx1,APAC_Marketx1,AIx2",
2026-10-05,Mon 5 Oct,11:30,15:00,RWA Capital Forum,Taisu Ventures,Networking,Free,0,21 Collyer Quay,,,luma.com,YES,https://luma.com/ydaq5h18,16,"RWA_Tokenizationx1,Institutional_DATx1,Investor_Fundraisex1",
2026-10-06,Tue 6 Oct,11:30,15:00,AI Founders & Investors Forum,Taisu Ventures,Networking,Free,0,21 Collyer Quay,,,luma.com,YES,https://luma.com/bwcw51rz,16,"Institutional_DATx2,Investor_Fundraisex1,AIx1",
2026-10-06,Tue 6 Oct,13:00,17:00,Institutional Onchain Finance Summit 2026,Cregis,Conference/Summit,Free,0,Conrad Singapore Marina Bay,,,luma.com,YES,https://luma.com/lnga4ied,16,"Institutional_DATx1,APAC_Marketx1,Infra_Interopx1",
2026-10-09,Fri 9 Oct,10:00,14:00,Sony Ventures x Taisu Innovation Summit: Soneium and Onchain Entertainment,Taisu Ventures,Conference/Summit,Free,0,33Club - Private Members Club Singapore,,,luma.com,YES,https://luma.com/w2vo3svp,16,"Institutional_DATx1,APAC_Marketx1,Infra_Interopx1",
2026-10-05,Mon 5 Oct,17:00,20:00,BetterX: Navigating the Current State of Payments & Yield,BetterX,Networking,Free,0,ONE°15 Marina Sentosa Cove Singapore,,,luma.com,YES,https://luma.com/p5e1t0u0,15,"Stablecoin_Paymentsx2,APAC_Marketx1",
2026-10-06,Tue 6 Oct,07:30,09:00,AM Run & Workout w/ Bankless VC,BVC,Sport,Free,,Singapore,,,luma.com,YES,https://luma.com/07wqstj3,15,"Enterprise_Chainx1,Institutional_DATx1,APAC_Marketx1",
2026-10-06,Tue 6 Oct,09:30,16:00,VNTR Investor Forum Singapore,VNTR,Networking,Free,,,,,luma.com,YES,https://luma.com/w5ck9zwq,15,"Institutional_DATx1,APAC_Marketx1,Investor_Fundraisex1",
2026-10-06,Tue 6 Oct,12:30,17:00,Mantle RWA Day SG,Mantle Events Calendar,Conference/Summit,Free,0,The Exchange (Singapore Land Tower),,,luma.com,YES,https://luma.com/mantle-2pek,15,"RWA_Tokenizationx1,APAC_Marketx1",
2026-10-06,Tue 6 Oct,18:30,21:00,APAC Onchain Capital Markets Dinner,The Capital Summit,Party/Dinner,Free,0,Conrad Singapore Orchard,,,luma.com,YES,https://luma.com/98b6ck1t,15,"APAC_Marketx2,Investor_Fundraisex1,Infra_Interopx1",
2026-10-06,Tue 6 Oct,18:30,22:00,The Future of Money & Payments,Taisu Ventures,Party/Dinner,Free,,33Club - Private Members Club Singapore,,,luma.com,YES,https://luma.com/l4ewl7tf,15,"Stablecoin_Paymentsx2,Institutional_DATx1,APAC_Marketx1",
2026-10-07,Wed 7 Oct,11:00,14:00,Founders & Investors Brunch ✨ (invite only) Singapore,fractl -web3's largest investor network,Networking,Free,0,,,,luma.com,YES,https://luma.com/mg6hn1ve,15,"Institutional_DATx1,APAC_Marketx1,Investor_Fundraisex1",
2026-10-08,Thu 8 Oct,10:00,12:00,Amigoo Ventures Coffee & Capital (SINGAPORE),Amigoo Ventures,Networking,Free,0,,,,luma.com,YES,https://luma.com/k8wh793e,15,"Institutional_DATx1,APAC_Marketx1,Investor_Fundraisex1",
2026-10-09,Fri 9 Oct,17:00,23:00,Crypto VC & Investment Roundtable,Personal,Networking,Free,0,Marina Bay Sands Singapore,,,luma.com,YES,https://luma.com/d9m7ndn1,15,"Institutional_DATx1,APAC_Marketx1,Investor_Fundraisex1",
2026-10-06,Tue 6 Oct,12:00,17:00,Global Onchain Summit Singapore 2026,CoinGape,Conference/Summit,Free,0,Pullman Singapore Hill Street,,,luma.com,YES,https://luma.com/5c8pnpl2,14,"APAC_Marketx1,AIx1,Infra_Interopx1",
2026-10-06,Tue 6 Oct,14:00,18:00,Build & Back: Singapore,A36 Labs,Startup Competition,Free,0,Singapore,,,luma.com,YES,https://luma.com/5kdau1ak,14,"APAC_Marketx1,Investor_Fundraisex1",
2026-10-06,Tue 6 Oct,14:00,17:00,Institutional Allocators & Trading Teams Briefing,1Token / 1ndex & Target Capital,Networking,Free,0,,,,luma.com,YES,https://luma.com/5lyw9ulx,14,"Institutional_DATx2,Investor_Fundraisex1",
2026-10-06,Tue 6 Oct,18:00,22:00,SunDAO: Investors & Builders Mixer,SunDAO Ventures Calendar,Networking,Free & Paid,0,,,,luma.com,YES,https://luma.com/wn7vpvdb,14,"Institutional_DATx2,Investor_Fundraisex1",
2026-10-09,Fri 9 Oct,10:00,12:00,The $100K Bucket Pull,Ghostlabs.asia,Workshop/Hackathon,Free,0,Marina Bay Sands Singapore,,,luma.com,YES,https://luma.com/uczcxm3a,14,APAC_Marketx2,
2026-10-05,Mon 5 Oct,09:00,17:00,Day One | Nobel Heroes & AI4SCI Summit Singapore 2026,Nobel Heroes & AI4SCI Summit Singapore 2026,Conference/Summit,Free,0,Nanyang Technological University,,,luma.com,YES,https://luma.com/nobelheroesday1,13,"APAC_Marketx1,AIx2",
2026-10-06,Tue 6 Oct,12:00,20:00,Solana Capital Forum Singapore,Solana Foundation,Workshop/Hackathon,Free,0,The St. Regis Singapore,,,luma.com,YES,https://luma.com/sol-cap-sg,13,"APAC_Marketx1,Investor_Fundraisex1",
2026-10-06,Tue 6 Oct,13:00,17:00,Day Two | Nobel Heroes & AI4SCI Summit Singapore 2026,Nobel Heroes & AI4SCI Summit Singapore 2026,Workshop/Hackathon,Free,0,Singapore Management University,,,luma.com,YES,https://luma.com/nobelheroesday2,13,"APAC_Marketx1,AIx2",
2026-10-06,Tue 6 Oct,18:00,21:30,Trading the AI Era — A Horizon Series Event @Singapore,021Lab,Conference/Summit,Free,0,67 Ayer Rajah Cres.,,,luma.com,YES,https://luma.com/egxzlyfe,13,"APAC_Marketx1,AIx2",
2026-10-07,Wed 7 Oct,15:00,16:00,Beyond Equity: Token Raises for Established Companies,TokenMinds,Conference/Summit,Free,0,Singapore,,,luma.com,YES,https://luma.com/8bfomi5i,13,"APAC_Marketx1,Investor_Fundraisex1",
2026-10-07,Wed 7 Oct,17:00,23:30,The CMO Summit: Top 0.01% Club,Helium Ventures,Conference/Summit,Free,0,CÉ LA VI Singapore,,,luma.com,YES,https://luma.com/bov0h3l2,13,"Institutional_DATx1,APAC_Marketx1",
2026-10-07,Wed 7 Oct,18:00,23:30,Founder X VC Roundtable - Day 1,American Blockchain Association,Networking,Free,0,Wakuda,,,luma.com,YES,https://luma.com/ezn1mkct,13,"Institutional_DATx1,Investor_Fundraisex1,Infra_Interopx1",
2026-10-08,Thu 8 Oct,08:30,11:30,On-Chain Horizons: Founders x Funders,SC Ventures,Networking,Free,0,21 Collyer Quay,,,luma.com,YES,https://luma.com/ixmrhvtm,13,"Institutional_DATx2,Infra_Interopx1",
2026-10-08,Thu 8 Oct,10:00,12:00,Ivy Alumni & Friends Meetup,Portal Ventures & Blockchain Builders Fund,Networking,Free,0,,,,luma.com,YES,https://luma.com/r65qyasf,13,"Institutional_DATx2,Infra_Interopx1",
2026-10-08,Thu 8 Oct,14:00,18:00,The Next Generation of Payments in APAC,Sunrate & Google Cloud & ODIG,Conference/Summit,Free,0,Network Hub,,,luma.com,YES,https://luma.com/jecn61cf,13,"Stablecoin_Paymentsx1,APAC_Marketx1",
2026-10-08,Thu 8 Oct,18:00,23:30,Founder X VC Roundtable - Day 2,American Blockchain Association,Networking,Free,0,Wakuda,,,luma.com,YES,https://luma.com/293qizva,13,"Institutional_DATx1,Investor_Fundraisex1,Infra_Interopx1",
2026-10-08,Thu 8 Oct,18:30,22:00,Money Layer Singapore,Capvise Group,Conference/Summit,Free,0,,,,luma.com,YES,https://luma.com/m56wbw7r,13,"Stablecoin_Paymentsx1,APAC_Marketx1",
2026-10-09,Fri 9 Oct,10:00,18:00,Finality Forum | Full-day conference on Institutional Digital Assets,Ethene Labs,Conference/Summit,Free,0,Marina Bay Sands Singapore,,,luma.com,YES,https://luma.com/g2lg0htf,13,"Institutional_DATx1,APAC_Marketx1",
2026-10-05,Mon 5 Oct,09:30,17:00,0G Dev Day: ZERO TO INFINITY,0G's Event Calendar,Conference/Summit,Free,0,National Gallery Singapore,,,luma.com,YES,https://luma.com/0g-devday-2026,12,"APAC_Marketx1,Infra_Interopx1",
2026-10-05,Mon 5 Oct,10:00,13:00,THE DEALFLOW - INVESTOR BRUNCH,UVECON.VC,Other,Free,0,Downtown Gallery,,,luma.com,YES,https://luma.com/dealflowsg,12,"Institutional_DATx2,Investor_Fundraisex1",
2026-10-05,Mon 5 Oct,14:00,18:00,Blockchain Impact Singapore,Miyi Core,Conference/Summit,Free,0,One Marina Blvd,,,luma.com,YES,https://luma.com/y6nco425,12,"APAC_Marketx1,Infra_Interopx1",
2026-10-06,Tue 6 Oct,10:00,18:00,Multichain Day,Wrapped,Conference/Summit,Free,0,The Westin Singapore,,,luma.com,YES,https://luma.com/multichaindaysingapore,12,"APAC_Marketx1,Infra_Interopx1",
2026-10-06,Tue 6 Oct,10:00,18:00,Onchain Day,Wrapped,Conference/Summit,Free,0,The Westin Singapore,,,luma.com,YES,https://luma.com/onchaindaytokensingapore,12,"APAC_Marketx1,Infra_Interopx1",
2026-10-06,Tue 6 Oct,11:00,17:00,Founder x VC Summit: Day 1,BackersStage,Conference/Summit,Free,0,Furama RiverFront,,,luma.com,YES,https://luma.com/gdqakgz3,12,"Institutional_DATx1,Investor_Fundraisex1",
2026-10-06,Tue 6 Oct,18:00,21:00,The Clearing House II: Singapore,Midas,Networking,Free,0,Kinki Restaurant + Bar - Japanese Fusion @ Customs House,,,luma.com,YES,https://luma.com/nz1g1prw,12,APAC_Marketx2,
2026-10-07,Wed 7 Oct,07:30,09:30,Stablecoin Morning 5K Run,Codex FX,Workshop/Hackathon,Free,0,Guzman y Gomez - Ocean Financial Centre,,,luma.com,YES,https://luma.com/a3dvp6r5,12,Stablecoin_Paymentsx2,
2026-10-07,Wed 7 Oct,11:30,14:30,"The Institutional Stack: VIP Lunch by Chainalysis, Definitive & Utila","Chainalysis, Definitive, Utila",Other,Free,0,Swissôtel The Stamford Singapore,,,luma.com,YES,http://luma.com/v3fntqy3,12,"Institutional_DATx1,APAC_Marketx1,Infra_Interopx1",
2026-10-08,Thu 8 Oct,08:00,11:00,"Onchain Breakfast , Singapore",Buildify,Workshop/Hackathon,Free,0,,,,luma.com,YES,https://luma.com/uulrmjzz,12,"APAC_Marketx1,Infra_Interopx1",
2026-10-08,Thu 8 Oct,09:00,12:00,Institutional Breakfast: Securing Digital Assets at Scale,Chainalysis APAC,Other,Free,0,Dallas Cafe & Bar (MBS),,,luma.com,YES,https://luma.com/5eviyo3p,12,"Institutional_DATx1,APAC_Marketx1,Infra_Interopx1",
2026-10-05,Mon 5 Oct,15:00,19:00,Risky Business - Singapore '26,Grego AI,Networking,Free,0,,,,luma.com,YES,https://luma.com/dupkf78j,11,"APAC_Marketx1,AIx2",
2026-10-05,Mon 5 Oct,16:00,21:00,Meet Up,Asia Web3 Ai Association,Networking,Free,0,Koyoi By Kanpai,,,luma.com,YES,https://luma.com/av3tpir8,11,"APAC_Marketx1,AIx2",
2026-10-05,Mon 5 Oct,16:30,20:00,Capital & Institutions Cocktail | Singapore 2026,SevenX Ventures,Party/Dinner,Free,0,,,,luma.com,YES,https://luma.com/v8dfyohz,11,"Institutional_DATx1,APAC_Marketx1,Investor_Fundraisex1",
2026-10-05,Mon 5 Oct,17:00,19:00,SPACEY VENTURES: Web3 Synergy Night,Personal,Networking,Free & Paid,0,CÉ LA VI Singapore,,,luma.com,YES,https://luma.com/ss4ktzkq,11,"Institutional_DATx1,APAC_Marketx1",
2026-10-05,Mon 5 Oct,18:00,19:00,Web3 Ai : Mixers,Asia Web3 Ai Association,Networking,Free,,Chijmes Public Space,,,luma.com,YES,https://luma.com/rweo2o60,11,"APAC_Marketx1,AIx2",
2026-10-06,Tue 6 Oct,09:00,10:30,"The Next Era of Digital Finance: Consumer Trends, AI Adoption",ACCESS Singapore,Networking,Free,0,,,,luma.com,YES,https://luma.com/tb6f5fst,11,"APAC_Marketx1,AIx2",
2026-10-06,Tue 6 Oct,10:00,17:00,Proof of Health Singapore 2026,AIX3 Global,Conference/Summit,Free,0,,,,luma.com,YES,https://luma.com/ulsv8o2e,11,"APAC_Marketx1,AIx1",
2026-10-06,Tue 6 Oct,12:00,15:00,The Allocators' Table: An Exclusive Private Luncheon in Singapore,Bitfire Group,Networking,Free,0,,,,luma.com,YES,https://luma.com/31t73vf2,11,"Institutional_DATx1,APAC_Marketx1",
2026-10-06,Tue 6 Oct,15:30,20:00,The Revo Connect 2026 Singapore,Revo Digital Family Office,Networking,Free,0,"50 Collyer Quay #11-03/04, OUE Bayfront, Singapore 049321",,,luma.com,YES,https://luma.com/wc0q09yv,11,"Institutional_DATx1,APAC_Marketx1",
2026-10-06,Tue 6 Oct,18:00,22:00,Money in Motion: An evening hosted by APA,APA,Networking,Free,0,AP House Singapore,,,luma.com,YES,https://luma.com/mzjn1yn4,11,"Stablecoin_Paymentsx1,APAC_Marketx1",
2026-10-06,Tue 6 Oct,18:30,21:30,Anti Capital Private Reception: Singapore,Anti Capital,Networking,Free,,Dallas Restaurant and Bar (Boat Quay),,,luma.com,YES,https://luma.com/z4m5lous,11,"APAC_Marketx1,Investor_Fundraisex1",
2026-10-07,Wed 7 Oct,15:00,17:00,Arthur Hayes Fireside Chat and Neobank Panels | ether.fi Lounge,ether.fi Lounge,Workshop/Hackathon,Free,0,,,,luma.com,YES,https://luma.com/81n4d52e,11,Enterprise_Chainx1,
2026-10-07,Wed 7 Oct,15:00,17:00,VCs & LPs Cocktail Hour ✨ (invite only) Singapore,fractl -web3's largest investor network,Party/Dinner,Free,0,,,,luma.com,YES,https://luma.com/o4cviom4,11,"Institutional_DATx1,APAC_Marketx1,Investor_Fundraisex1",
2026-10-07,Wed 7 Oct,18:00,22:00,"The Corridor Singapore ⇆ Vienna. Two Regimes, One Rail",Black Manta Capital Partners,Networking,Free,0,Advantage Austria Singapore,,,luma.com,YES,https://luma.com/upeeqmpy,11,"APAC_Marketx1,Investor_Fundraisex1",
2026-10-07,Wed 7 Oct,20:00,23:00,Powering Modern Payments,UPay,Networking,Free,0,"Mandarin Oriental, Singapore",,,luma.com,YES,https://luma.com/TBE-UPAY,11,"Stablecoin_Paymentsx1,APAC_Marketx1",
2026-10-08,Thu 8 Oct,10:00,18:00,AI for Humanity Impact Forum 2026,Singapore Innovation Centre,Conference/Summit,Free,0,*SCAPE The Ground Theatre,,,luma.com,YES,https://luma.com/jp3795j0,11,"APAC_Marketx1,AIx1",
2026-10-08,Thu 8 Oct,13:00,18:00,Google Cloud Gaming Global Expansion “AI Power-Up Station” — Singapore,021Lab,Conference/Summit,Free,0,Google Singapore,,,luma.com,YES,https://luma.com/j7it396i,11,"APAC_Marketx1,AIx1",
2026-10-05,Mon 5 Oct,10:00,16:00,Solana Mini Hacker House x 021Lab · Singapore 2026 - Day 1,021Lab,Hackathon,Free,0,67 Ayer Rajah Cres.,,,luma.com,YES,https://luma.com/dpdxyo2d,10,APAC_Marketx1,
2026-10-05,Mon 5 Oct,19:00,23:00,Exclusive Whiskey & Cigar Evening - Day 1,Alpha Node Global,Networking,Free,,"532a Geylang Rd, Singapore 389488",,,luma.com,YES,https://luma.com/ui1o451m,10,"APAC_Marketx1,Infra_Interopx1",
2026-10-06,Tue 6 Oct,10:00,17:30,Solana Mini Hacker House x 021Lab · Singapore 2026 - Day 2,021Lab,Hackathon,Free,0,67 Ayer Rajah Cres.,,,luma.com,YES,https://luma.com/dpdxyo2d,10,APAC_Marketx1,
2026-10-06,Tue 6 Oct,13:30,18:00,Agentic Money 2026,Money in Motion,Conference/Summit,Free,0,Guoco Midtown Network Hub,,,luma.com,YES,https://luma.com/97p1rzs3,10,"Stablecoin_Paymentsx1,AIx1",
2026-10-07,Wed 7 Oct,10:30,17:00,Payments and Stablecoins Cafe in MBS w/ Monad Foundation and StraitsX,Monad Foundation,Networking,Free,0,PS.Cafe Marina Bay Sands,,,luma.com,YES,https://luma.com/monad-straitsx,10,Stablecoin_Paymentsx2,
2026-10-08,Thu 8 Oct,20:00,23:00,Exclusive Whiskey & Cigar Evening - Day 2,Alpha Node Global,Networking,Free,,"532a Geylang Rd, Singapore 389488",,,luma.com,YES,https://luma.com/ui1o451m,10,"APAC_Marketx1,Infra_Interopx1",
2026-10-09,Fri 9 Oct,18:00,22:00,Founder x VC Summit: Day 2 (Private),BackersStage,Networking,Free,0,,,,luma.com,YES,https://luma.com/4lzbeit3,10,"Institutional_DATx1,Investor_Fundraisex1",
2026-10-05,Mon 5 Oct,10:00,18:00,CoinFerenceX The Best Event Singapore - Day 1,The Best Event,Workshop/Hackathon,Free,0,Gardens by the Bay,,,luma.com,YES,https://luma.com/cfx-tbe-summit,9,APAC_Marketx1,
2026-10-06,Tue 6 Oct,08:00,20:00,Gamma Prime Investing Summit 2026 Singapore 🇸🇬 (Featuring Arthur Hayes &,Gamma Prime Investing Summit,Workshop/Hackathon,Free,0,,,,luma.com,YES,https://luma.com/investingsummit2026Singapore?pk=g-SGXdu4UKgMAnNwC,9,APAC_Marketx1,
2026-10-06,Tue 6 Oct,09:00,20:00,Gamma Prime Investing Summit 2026 Singapore 🇸🇬,Gamma Prime,Conference/Summit,Free,0,The Fullerton Hotel Singapore,,,luma.com,YES,https://luma.com/investingsummit2026singapore,9,APAC_Marketx1,
2026-10-06,Tue 6 Oct,09:00,21:00,OKX Now. Singapore,OKX Events,Conference/Summit,Free,0,"Pan Pacific Orchard, Singapore",,,luma.com,YES,https://luma.com/OKXNow,9,APAC_Marketx1,
2026-10-06,Tue 6 Oct,09:00,18:00,Solana Summit,Superteam,Conference/Summit,Free,0,"The Ritz-Carlton, Millenia Singapore",,,luma.com,YES,https://luma.com/solana-summit-singapore-2026,9,APAC_Marketx1,
2026-10-06,Tue 6 Oct,10:00,12:00,ACTIVATE: Sunrise Yoga,BTSE Enterprise Solutions,Networking,Free,0,Tanjong Pagar,,,luma.com,YES,https://luma.com/s8i7jczp,9,Enterprise_Chainx1,
2026-10-06,Tue 6 Oct,10:00,18:00,CoinFerenceX The Best Event Singapore - Day 2,The Best Event,Workshop/Hackathon,Free,0,Gardens by the Bay,,,luma.com,YES,https://luma.com/cfx-tbe-summit,9,APAC_Marketx1,
2026-10-06,Tue 6 Oct,13:00,16:00,Game On Pickleball,BTSE Enterprise Solutions,Networking,Free,0,Kings Pickleball Arena,,,luma.com,YES,https://luma.com/lvd8oa6z,9,Enterprise_Chainx1,
2026-10-06,Tue 6 Oct,17:00,23:30,The KOL Club: The Agentic Era of Trading,Helium Ventures,Party/Dinner,Free,0,The Fullerton Bay Hotel Singapore,,,luma.com,YES,https://luma.com/2b64kgv3,9,"Institutional_DATx1,APAC_Marketx1,AIx1",
2026-10-06,Tue 6 Oct,18:00,22:00,Pocket Pairs,"Pear, Valantis, Insilico, Purrpoker",Networking,Free & Paid,0,,,,luma.com,YES,https://luma.com/p88p8fn0,9,Enterprise_Chainx1,
2026-10-06,Tue 6 Oct,20:00,23:00,The Institutional Ark: Anchoring the Next Era of Digital Asset Growth,ChainUp,Networking,Free & Paid,0,Monti At 1-Pavilion Italian Restaurant,,,luma.com,YES,https://luma.com/xn1chytf,9,"Institutional_DATx1,Infra_Interopx1",
2026-10-07,Wed 7 Oct,09:00,17:30,DeFinition Singapore 2026,Accountable,Conference/Summit,Free,0,1-Arden,,,luma.com,YES,https://luma.com/y2stptuj,9,APAC_Marketx1,
2026-10-07,Wed 7 Oct,10:00,12:00,Neobankers Brunch: More Than A Crypto Card,Cardify Crypto,Networking,Free,0,POUT Rooftop Cafe,,,luma.com,YES,https://luma.com/vzpoa3ni,9,Enterprise_Chainx1,
2026-10-07,Wed 7 Oct,14:00,18:00,"AI You Can Touch by OpenBuilder, Sogni and TZ APAC","OpenBuilder, Sogni and TZ APAC",Networking,Free,0,TZ APAC,,,luma.com,YES,https://luma.com/3vjsnsxw,9,"APAC_Marketx1,AIx1",
2026-10-07,Wed 7 Oct,15:00,20:00,Arbitrum Founders Eve @ Singapore 🇸🇬,Arbitrum,Conference/Summit,Free,0,One Raffles Quay,,,luma.com,YES,https://luma.com/arbitrum-founders-eve-sgp,9,APAC_Marketx1,
2026-10-07,Wed 7 Oct,15:00,20:00,"Arbitrum Founders Eve, Singapore 🇸🇬",Arbitrum,Conference/Summit,Free,0,One Raffles Quay,,,luma.com,YES,https://luma.com/arbitrum-founders-eve-token2049-singapore,9,APAC_Marketx1,
2026-10-07,Wed 7 Oct,15:00,16:00,Token Sale Summit 2026,TokenMinds,Conference/Summit,Free,0,Singapore,,,luma.com,YES,https://luma.com/t4se9uv6,9,APAC_Marketx1,
2026-10-07,Wed 7 Oct,18:30,23:00,Rooftop UTXO Pitch Night,"Cardano Foundation, Draper Dragon and Draper University",Networking,Free,,LAVO Coastal Italian Restaurant & Rooftop Bar,YES,,luma.com,YES,https://luma.com/utxopitchnight,9,Investor_Fundraisex1,
2026-10-08,Thu 8 Oct,09:00,18:00,HSC Asset Management Singapore,HSC & MPost,Conference/Summit,Free & Paid,0,Fairmont Singapore,,,luma.com,YES,https://luma.com/HSC_Singapore,9,APAC_Marketx1,
2026-10-08,Thu 8 Oct,11:00,16:00,HypurrCo Gathers x Hyperliquid Strategies x Hyperliquid Policy Center x Ins,HypurrCollective,Workshop/Hackathon,Free,0,Bugis Street,,,luma.com,YES,https://luma.com/mmrfj0pz,9,Regulation_Compliancex1,
2026-10-08,Thu 8 Oct,13:00,20:00,QDay Singapore,Quantus,Workshop/Hackathon,Free,0,Tower Club Singapore,,,luma.com,YES,https://luma.com/jtof4o9b,9,APAC_Marketx1,
2026-10-08,Thu 8 Oct,14:00,20:00,The Odds: Prediction Markets Live,More & More,Conference/Summit,Free,,Suntec Singapore Convention & Exhibition Centre,,,luma.com,YES,https://luma.com/8oxs8lco,9,APAC_Marketx1,
2026-10-08,Thu 8 Oct,15:00,17:00,Trader Gathering with Sharding Capital,Personal,Party/Dinner,Free,,Pullman Singapore Hill Street,,,luma.com,YES,https://luma.com/fqw5qq36,9,"APAC_Marketx1,Investor_Fundraisex1,AIx1",
2026-10-08,Thu 8 Oct,16:00,21:30,"LONGITUDE, 10th edition",Cointelegraph,Conference/Summit,Free,0,Amara Singapore,,,luma.com,YES,https://luma.com/2g8kwtyd,9,APAC_Marketx1,
2026-10-08,Thu 8 Oct,18:00,21:00,"Investors, Institutions and Innovators Night 2026",TRIVE Digital | Global Blockchain Conferences,Party/Dinner,Free,0,,,,luma.com,YES,https://luma.com/a63ces7l,9,"Institutional_DATx1,Investor_Fundraisex1,Infra_Interopx1",
2026-10-09,Fri 9 Oct,09:00,20:00,"Network State Conference: Singapore Oct 9, 2026",Network School,Workshop/Hackathon,Free,0,,,,luma.com,YES,https://luma.com/ns2026,9,APAC_Marketx1,
2026-10-09,Fri 9 Oct,12:00,18:00,CONNECT by Cointelegraph: Singapore Edition,Cointelegraph,Conference/Summit,Free,0,RASA Space,,,luma.com,YES,https://luma.com/q23fn0vw,9,APAC_Marketx1,
2026-10-09,Fri 9 Oct,20:00,23:00,Super Secret Private & VIP Institutional Karaoke Cross-Chain Roundtable,Personal,Party/Dinner,Free,0,OverTime Pub,,,luma.com,YES,https://luma.com/zl4ggl0o,9,"Institutional_DATx1,Investor_Fundraisex1,Infra_Interopx1",
2026-10-05,Mon 5 Oct,09:00,22:00,Web3TV Interview Feature With Singapore Blockchain Week - Day 1,Singapore Blockchain Week,Other,Free,0,Singapore,,,luma.com,YES,https://luma.com/dd8728yc,8,"APAC_Marketx1,Infra_Interopx1",
2026-10-05,Mon 5 Oct,15:00,19:00,The Liquidity Pool - Hosted by Yuzu Money,Yuzu Money,Workshop/Hackathon,Free,0,EarlyAfter,,,luma.com,YES,https://luma.com/7l5amv63,8,Stablecoin_Paymentsx1,
2026-10-06,Tue 6 Oct,09:00,22:00,Web3TV Interview Feature With Singapore Blockchain Week - Day 2,Singapore Blockchain Week,Other,Free,0,Singapore,,,luma.com,YES,https://luma.com/dd8728yc,8,"APAC_Marketx1,Infra_Interopx1",
2026-10-06,Tue 6 Oct,10:00,15:00,RWA.LTD Private Connect - Part A,RWA.LTD,Networking,Free,0,098012,,,luma.com,YES,https://luma.com/kvlkxq0p,8,RWA_Tokenizationx1,
2026-10-06,Tue 6 Oct,17:00,22:00,RWA.LTD Private Connect - Part B,RWA.LTD,Networking,Free,0,098012,,,luma.com,YES,https://luma.com/5gbluyhd,8,RWA_Tokenizationx1,
2026-10-06,Tue 6 Oct,18:00,22:00,"Off-menu: RWA, Defi and whiskey night.",SPICE,Networking,Free,0,La Maison du Whisky,,,luma.com,YES,https://luma.com/51wblzso,8,RWA_Tokenizationx1,
2026-10-06,Tue 6 Oct,18:00,21:00,Stablecoins: from Tokens to Rails. A debate,Fintech Guild | M0,Conference/Summit,Free,0,WeWork - Office Space & Coworking,,,luma.com,YES,https://luma.com/f0zs81q0,8,Stablecoin_Paymentsx1,
2026-10-07,Wed 7 Oct,09:00,22:00,Web3TV Interview Feature With Singapore Blockchain Week - Day 3,Singapore Blockchain Week,Other,Free,0,Singapore,,,luma.com,YES,https://luma.com/dd8728yc,8,"APAC_Marketx1,Infra_Interopx1",
2026-10-07,Wed 7 Oct,18:00,21:00,"The Agentic Mixer: Build, Fund, Scale",Animoca Brands,Networking,Free,,Jypsy One Fullerton,,,luma.com,YES,https://luma.com/animoca-2jr5,8,"Institutional_DATx1,AIx1",
2026-10-07,Wed 7 Oct,20:00,22:00,RWA Beyond the Hype: Industry Talks & Networking,BiFu,Networking,Free,0,Suntec City,,,luma.com,YES,https://luma.com/8vwgeuh7,8,RWA_Tokenizationx1,
2026-10-08,Thu 8 Oct,09:00,22:00,Web3TV Interview Feature With Singapore Blockchain Week - Day 4,Singapore Blockchain Week,Other,Free,0,Singapore,,,luma.com,YES,https://luma.com/dd8728yc,8,"APAC_Marketx1,Infra_Interopx1",
2026-10-08,Thu 8 Oct,19:00,23:00,Kalshi x Insilico Terminal | Asia Session,Asia Session,Party/Dinner,Free,0,Singapore,,,luma.com,YES,https://luma.com/w931emv1,8,APAC_Marketx2,
2026-10-09,Fri 9 Oct,09:00,22:00,Web3TV Interview Feature With Singapore Blockchain Week - Day 5,Singapore Blockchain Week,Other,Free,0,Singapore,,,luma.com,YES,https://luma.com/dd8728yc,8,"APAC_Marketx1,Infra_Interopx1",
2026-10-05,Mon 5 Oct,15:00,18:00,BORN.LIVE Singapore — Opening Mixer,BORN.LIVE,Networking,Free,0,SQUE Rotisserie & Alehouse,,,luma.com,YES,https://luma.com/bae06r0t,7,APAC_Marketx1,
2026-10-05,Mon 5 Oct,18:30,22:00,Skyline Social Singapore,Taisu Ventures,Party/Dinner,Free,,Red Dot Design Museum,,,luma.com,YES,https://luma.com/q22mvxx7,7,"Institutional_DATx1,APAC_Marketx1",
2026-10-05,Mon 5 Oct,18:30,21:00,The Pre-TOKEN by Integral & EDX,"Integral, EDX",Networking,Free,0,67 Pall Mall Singapore,,,luma.com,YES,https://luma.com/9azk2ahd,7,APAC_Marketx1,
2026-10-05,Mon 5 Oct,20:00,23:00,Lights Out. Singapore After Hours,Figment Capital,Party/Dinner,Free,0,,,,luma.com,YES,https://luma.com/t98zcuew,7,"APAC_Marketx1,Investor_Fundraisex1",
2026-10-06,Tue 6 Oct,09:00,12:00,Cardano Node Diversity Celebration Day,Amaru Maintainers Committee,Workshop/Hackathon,Free,0,,,,luma.com,YES,https://luma.com/x9dm535u,7,Infra_Interopx1,
2026-10-06,Tue 6 Oct,09:03,11:30,SH3 Connects Coffee Meetup Singapore Edition,EvolvH3R,Networking,Free,0,the Hive Carpenter,,,luma.com,YES,https://luma.com/bbstr33c,7,APAC_Marketx1,
2026-10-06,Tue 6 Oct,18:00,22:00,ALPHA AFTER HOURS — Where Traders Meet,Modern Wealth Academy,Networking,Free,,M Hotel Singapore City Centre,,,luma.com,YES,https://luma.com/styfmobh,7,APAC_Marketx1,
2026-10-06,Tue 6 Oct,18:00,22:00,DWF Labs Haus - Singapore 2026,DWF Labs,Networking,Free,0,Orchard Road,,,luma.com,YES,https://luma.com/DWFLabsHaus-SG2026,7,APAC_Marketx1,
2026-10-06,Tue 6 Oct,19:00,02:00,GameFi Afterburn: Play. Connect. Evolve.,The Sparky Verse,Networking,Free,0,Singapore,,,luma.com,YES,https://luma.com/m0q2uycp,7,APAC_Marketx1,
2026-10-06,Tue 6 Oct,19:00,21:00,"MEV Snackdown: Singapore - New Blocks, New Rules",Astralane,Networking,Free,0,MERCI MARCEL TIONG BAHRU,,,luma.com,YES,https://luma.com/tprg0m2g,7,APAC_Marketx1,
2026-10-07,Wed 7 Oct,09:00,13:00,Padel & Brunch with Bitgo and STS Digital,Beyond the Game,Networking,Free,0,METT Singapore,,,luma.com,YES,https://luma.com/vwt0rtzg,7,APAC_Marketx1,
2026-10-07,Wed 7 Oct,11:00,16:00,OKX Dev Day,OKX,Workshop/Hackathon,Free,,PARKROYAL COLLECTION Pickering,,,luma.com,YES,https://luma.com/l4aq8vii,7,Infra_Interopx1,
2026-10-07,Wed 7 Oct,17:00,21:00,Xsolla Connect Singapore 2026 - Where Gaming Meets Capital,Xsolla Events,Party/Dinner,Free,0,,,,luma.com,YES,https://luma.com/XsollaConnectSingapore2026,7,"APAC_Marketx1,Investor_Fundraisex1",
2026-10-07,Wed 7 Oct,19:00,22:00,Ault Markets × OnlyBulls Social Singapore,Ault Markets,Networking,Free,0,The NCO Club,,,luma.com,YES,https://luma.com/6cdxnhmz,7,APAC_Marketx1,
2026-10-07,Wed 7 Oct,19:00,23:00,MINI APPS AFTER DARK 🌙,MiniApps.Store,Networking,Free,0,Singapore,,,luma.com,YES,https://luma.com/ltcvcqpm,7,APAC_Marketx1,
2026-10-08,Thu 8 Oct,07:00,11:00,Anchorage Digital Demo Day,Personal,Party/Dinner,Free,0,Singapore,,,luma.com,YES,https://luma.com/o4rlwh9o?utm_source=miragather.com,7,"APAC_Marketx1,Investor_Fundraisex1",
2026-10-08,Thu 8 Oct,14:00,18:00,Tezos Cat Lounge,TZ APAC,Networking,Free,0,The Cat Cafe - Bugis,,,luma.com,YES,https://luma.com/lb9940ln,7,APAC_Marketx1,
2026-10-08,Thu 8 Oct,16:00,20:00,Proof Of Liquidity: Singapore Edition by Yield Network,Yield Network,Party/Dinner,Free,0,Singapore,,,luma.com,YES,https://luma.com/4nfjgvmv,7,"Stablecoin_Paymentsx1,APAC_Marketx1",
2026-10-08,Thu 8 Oct,17:00,23:30,Presale to TGE: Playbook 2027,Helium Ventures,Party/Dinner,Free,0,Raffles Singapore,,,luma.com,YES,https://luma.com/e0ektbpr,7,"Institutional_DATx1,APAC_Marketx1",
2026-10-08,Thu 8 Oct,20:30,00:30,Vibrez × La Royale | Yacht Opening Night,Vibrez × La Royale,Networking,Free,0,"MYKONOS (docked), ONE°15 Marina Sentosa Cove, 11 Cove Drive, Singapore 098497",,,luma.com,YES,https://luma.com/hcd2yrox,7,APAC_Marketx1,
2026-10-09,Fri 9 Oct,10:45,14:30,BitAngels Singapore 2026,BitAngels,Networking,Free & Paid,0,IOI Central Boulevard Towers,,,luma.com,YES,https://luma.com/1dk27l6a,7,APAC_Marketx1,
2026-10-09,Fri 9 Oct,16:00,23:30,Yacht Party- Crypto Whales,Personal,Networking,Free,0,Marina Bay Sands Singapore,,,luma.com,YES,https://luma.com/66xw2zkq,7,APAC_Marketx1,
2026-10-09,Fri 9 Oct,18:00,21:00,United Digital Economies - SG Convivium 2026,ACCESS Singapore,Networking,Free,0,,,,luma.com,YES,https://luma.com/7xebdeja,7,APAC_Marketx1,
2026-10-09,Fri 9 Oct,21:00,23:59,Central Command x Blofin,Central Command,Networking,Free,0,Conrad Singapore Orchard,,,luma.com,YES,https://luma.com/3yda08hi,7,APAC_Marketx1,
2026-10-05,Mon 5 Oct,18:30,21:30,"Digital After Hours: Connecting Digital Assets, Trusts & Institutional Fina",Qore3,Networking,Free,0,Chijmes Hall,,,luma.com,YES,https://luma.com/9synguqt,6,Institutional_DATx1,
2026-10-05,Mon 5 Oct,19:30,22:30,Allocators | Managers | Providers | VIP Dinner (invite only),MakeBanc,Networking,Free,0,Chinatown,,,luma.com,YES,https://luma.com/a7awb2po,6,Institutional_DATx1,
2026-10-06,Tue 6 Oct,11:00,14:00,Cross-Border Brunch by Kanga Global,Kanga Global,Networking,Free,0,Social Bar & Bistro,,,luma.com,YES,https://luma.com/8z12z1is,6,Stablecoin_Paymentsx1,
2026-10-06,Tue 6 Oct,12:00,18:00,BUIDL_QUESTS 2026 Final Day · Rewards & Summit — Autonomous Agents & Sovere,amber.ac,Conference/Summit,Free,0,Chijmes Hall,,,luma.com,YES,https://luma.com/y9g4tduu,6,AIx1,
2026-10-06,Tue 6 Oct,12:00,15:00,The Capital Table: ZIG Finance x World Liberty Financial,ZIG Finance,Networking,Free,0,Gardens by the Bay,,,luma.com,YES,https://luma.com/the-capital-table,6,Investor_Fundraisex1,
2026-10-06,Tue 6 Oct,18:00,21:00,Above the Bay: Backing the Next Trillion,"Firelight, Flare Network and Hypernative",Networking,Free,0,,,,luma.com,YES,https://luma.com/sybtczzh,6,Investor_Fundraisex1,
2026-10-06,Tue 6 Oct,19:00,22:00,Founders & Funds: Oktoberfest & Race Week edition!,BackScoop,Party/Dinner,Free,0,Brotzeit @ Raffles City,,,luma.com,YES,https://luma.com/vdpji8t0,6,"Institutional_DATx1,Investor_Fundraisex1",
2026-10-06,Tue 6 Oct,19:30,22:30,Stablecoin Happy Hour - Hosted by Codex and Infinite,Codex FX,Party/Dinner,Free,0,Mandala Club,,,luma.com,YES,https://luma.com/lcv40t0m?tk=EUyksk,6,Stablecoin_Paymentsx2,
2026-10-06,Tue 6 Oct,20:00,22:30,"FLOW STATE — Sui, Capital & the People Building It (Co-hosted by Comma3 Ven",Comma3 Ventures,Party/Dinner,Free,0,RASA Space,,,luma.com,YES,https://luma.com/3efqkffc,6,"Institutional_DATx1,Investor_Fundraisex1",
2026-10-07,Wed 7 Oct,09:00,12:00,"Opening Bell - An Institutional Breakfast by Zenith, Kaiko & T-REX","Zenith, Kaiko, T-REX",Networking,Free,0,,,,luma.com,YES,https://luma.com/ht5jyi8k,6,Institutional_DATx1,
2026-10-07,Wed 7 Oct,11:00,14:00,Reserved Access: Private Capital Lunch,Treehouse,Networking,Free,0,,,,luma.com,YES,https://luma.com/tf6wu22h,6,Investor_Fundraisex1,
2026-10-07,Wed 7 Oct,17:00,20:00,The Real Yield Happy Hour by HoneyB,HoneyB,Networking,Free,0,,,,luma.com,YES,https://luma.com/36zdj5a6,6,Stablecoin_Paymentsx1,
2026-10-07,Wed 7 Oct,18:00,21:00,Stablecoins Meet Fiat Rails,Hex Trust Events,Networking,Free,0,,,,luma.com,YES,http://luma.com/chhbhldx,6,Stablecoin_Paymentsx1,
2026-10-07,Wed 7 Oct,18:30,22:00,MONEY MOVES WITH AI,DogPay,Party/Dinner,Free,0,Gardens by the Bay,,,luma.com,YES,https://luma.com/txse7fpe,6,"Stablecoin_Paymentsx1,AIx2",
2026-10-08,Thu 8 Oct,09:00,12:00,Capital Café (for Canton Network participants),Noves,Networking,Free,0,LeVeL33,,,luma.com,YES,https://luma.com/pk30gage,6,Investor_Fundraisex1,
2026-10-08,Thu 8 Oct,10:00,12:00,Morning Circle: Mandarin-Speaking Web3 Gathering (Invite-Only),Comma3 Ventures,Networking,Free,0,,,,luma.com,YES,https://luma.com/u8jbrj02,6,Institutional_DATx1,
2026-10-08,Thu 8 Oct,13:20,17:15,"gm AI v2 by 0xJeff, BlockRun, CodecFlow, Dolphin, Kite, OpenServ, Reppo","0xJeff, BlockRun, CodecFlow, Dolphin, Kite, OpenServ, Reppo",Networking,Free,,,,,luma.com,YES,https://luma.com/xkjrrfhe,6,AIx2,
2026-10-08,Thu 8 Oct,18:00,20:00,Payments & Stables: Padel Session by ZK Stables,ZK Stables,Networking,Free,0,,,,luma.com,YES,https://luma.com/nnxofhlk,6,Stablecoin_Paymentsx1,
2026-10-08,Thu 8 Oct,19:00,22:00,Sundown Mixer | MST Blockchain Singapore,MST Blockchain,Party/Dinner,Free,0,,,,luma.com,YES,https://luma.com/ug1obgwj,6,"APAC_Marketx1,Infra_Interopx1",
2026-10-09,Fri 9 Oct,10:00,17:00,DAT Summit - Trackside Edition,Luna PR,Networking,Free,0,Monti At 1-Pavilion Italian Restaurant,,,luma.com,YES,https://luma.com/a19msg9w,6,Institutional_DATx1,
2026-10-09,Fri 9 Oct,17:30,22:00,Super Yacht X F1,Luchen Capital,Networking,Free,0,Sentosa Cove,,,luma.com,YES,https://luma.com/9mnsjr5r,6,Investor_Fundraisex1,
2026-10-09,Fri 9 Oct,19:30,22:00,华语之夜 · AI 与 Token 时代的华人出海局,UniqueBloom,Networking,Free,,,,,luma.com,YES,https://luma.com/token2026?utm_source=token2049,6,AIx2,
2026-10-10,Sat 10 Oct,15:00,23:00,F1 SG x Crypto VC - Qualifying Day,Web3 Paddock,Networking,Free,0,Marina Bay Street Circuit,,,luma.com,YES,https://luma.com/48ko0wni,6,Institutional_DATx1,
2026-10-11,Sun 11 Oct,15:00,24:30,F1 SG x Crypto VC - Race Day,Web3 Paddock,Networking,Free,0,Marina Bay Street Circuit,,,luma.com,YES,https://luma.com/ngmqvk2i,6,Institutional_DATx1,
2026-10-05,Mon 5 Oct,10:00,00:00,TRADERS WEEK | SINGAPORE 🇸🇬🏆 - Day 1,Trading Battles,Other,Free,0,,,,luma.com,YES,https://luma.com/vylnjbnb,5,APAC_Marketx1,
2026-10-05,Mon 5 Oct,16:30,19:30,Atli Station Singapore: Arrive Connected 🇸🇬 | Free 1GB eSIM,Atli (XForge Mobile),Other,Free,0,,,,luma.com,YES,https://luma.com/ugjskdv7,5,APAC_Marketx1,
2026-10-06,Tue 6 Oct,08:30,12:30,Blockchain.com: Breakfast Inc.,Blockchain.com,Networking,Free,0,café nesuto @ Marina Bay Sands,,,luma.com,YES,https://luma.com/blockc-ld75,5,Infra_Interopx1,
2026-10-06,Tue 6 Oct,10:00,00:00,TRADERS WEEK | SINGAPORE 🇸🇬🏆 - Day 2,Trading Battles,Other,Free,0,,,,luma.com,YES,https://luma.com/vylnjbnb,5,APAC_Marketx1,
2026-10-06,Tue 6 Oct,15:30,17:00,Onchain at Scale — IBM × Optimism,IBM & Optimism,Networking,Free,0,Super Loco Customs House,,,luma.com,YES,https://luma.com/r6tsx6hr,5,Infra_Interopx1,
2026-10-06,Tue 6 Oct,16:30,19:30,Atli Station Singapore: Where Next? 🌏 | Free 1GB eSIM,Atli (XForge Mobile),Other,Free,0,,,,luma.com,YES,https://luma.com/zsx4j5iz,5,APAC_Marketx1,
2026-10-06,Tue 6 Oct,17:00,20:00,Network and Chill,All Things Blockchain,Networking,Free,,Molly Malone's Irish Pub,,,luma.com,YES,https://luma.com/e3eezvfe,5,Infra_Interopx1,
2026-10-07,Wed 7 Oct,10:00,00:00,TRADERS WEEK | SINGAPORE 🇸🇬🏆 - Day 3,Trading Battles,Other,Free,0,,,,luma.com,YES,https://luma.com/vylnjbnb,5,APAC_Marketx1,
2026-10-08,Thu 8 Oct,10:00,00:00,TRADERS WEEK | SINGAPORE 🇸🇬🏆 - Day 4,Trading Battles,Other,Free,0,,,,luma.com,YES,https://luma.com/vylnjbnb,5,APAC_Marketx1,
2026-10-08,Thu 8 Oct,11:00,17:00,Tacnode APEX: The Future of Crypto,Tacnode,Networking,Free,0,PS.Cafe Marina Bay Sands,,,luma.com,YES,https://luma.com/vkmasgf9,5,Infra_Interopx1,
2026-10-08,Thu 8 Oct,17:00,19:30,Onchain Finance Connect,SBI Investment / WebX,Networking,Free,0,Vatos Kitchen & Bar,,,luma.com,YES,https://luma.com/0wq4vmrt,5,Infra_Interopx1,
2026-10-08,Thu 8 Oct,20:00,22:00,SINGAPORE TRADING TOURNAMENT,For Traders,Other,Free,0,Marina Bay Sands Singapore,,,luma.com,YES,https://luma.com/6qgnmr5b,5,APAC_Marketx1,
2026-10-09,Fri 9 Oct,10:00,22:00,AI For Everyone Forum,Singapore Innovation Centre,Party/Dinner,Free,0,*SCAPE,,,luma.com,YES,https://luma.com/ak8p4133,5,"APAC_Marketx1,AIx1",
2026-10-09,Fri 9 Oct,10:00,00:00,TRADERS WEEK | SINGAPORE 🇸🇬🏆 - Day 5,Trading Battles,Other,Free,0,,,,luma.com,YES,https://luma.com/vylnjbnb,5,APAC_Marketx1,
2026-10-09,Fri 9 Oct,19:00,22:00,"Proof Of Liquidity: VIP Dinner by Yield Network, Ink Chain, RockawayX, and",Yield Network,Party/Dinner,Free,0,,,,luma.com,YES,https://luma.com/kh3uenfj,5,"Stablecoin_Paymentsx1,Infra_Interopx1",
2026-10-10,Sat 10 Oct,10:00,00:00,TRADERS WEEK | SINGAPORE 🇸🇬🏆 - Day 6,Trading Battles,Other,Free,0,,,,luma.com,YES,https://luma.com/vylnjbnb,5,APAC_Marketx1,
2026-10-05,Mon 5 Oct,09:00,12:00,Coffee & Credentials,Provd.ai,Networking,Free,0,"Ketojiak Ice Creams, Waffles & Bakes (Sugar-Free, Ultra Low Carb, Diabetic & Keto Friendly)",,,luma.com,YES,https://luma.com/6bv4rjiv,4,AIx1,
2026-10-05,Mon 5 Oct,11:00,13:00,AI & Web3 Networking Heist,Personal,Networking,Free,0,Foura (Gardens By The Bay),,,luma.com,YES,https://luma.com/bg9x3kjw,4,AIx1,
2026-10-06,Tue 6 Oct,07:00,10:00,Run the Bay : 5K + Breakfast,A36 Labs,Sport,Free,0,Marina Bay Sands Singapore,,,luma.com,YES,https://luma.com/cja6d4ku,4,APAC_Marketx1,
2026-10-06,Tue 6 Oct,07:00,09:00,Tachi Social Run,Tachi,Sport,Free,0,Marina Bay Sands Singapore,,,luma.com,YES,https://luma.com/2rs9r9cj,4,APAC_Marketx1,
2026-10-06,Tue 6 Oct,09:00,20:00,"Open, hosted by Monad Foundation",Monad Foundation Events,Conference/Summit,Free,,,,,luma.com,YES,https://luma.com/open-2026,4,,
2026-10-06,Tue 6 Oct,09:00,11:30,Web3 Workouts: Calisthenics in Singapore,PushPullGive,Sport,Free,,,,,luma.com,YES,https://luma.com/k3s11wzz,4,APAC_Marketx1,
2026-10-06,Tue 6 Oct,14:00,20:00,Ethena Padel & Wellness Singapore,Ethena Labs,Sport,Free,0,Prime Padel Dempsey,,,luma.com,YES,https://luma.com/qim2vicq,4,APAC_Marketx1,
2026-10-06,Tue 6 Oct,18:00,21:00,Cocktails in the SKAI,Canton & Marex,Networking,Free,0,,,,luma.com,YES,https://luma.com/canton-uajs,4,AIx1,
2026-10-07,Wed 7 Oct,06:00,08:00,Founders Run and Rave,Orviq,Sport,Free,0,Marina Bay Sands Singapore,,,luma.com,YES,https://luma.com/p1ql2gs7,4,APAC_Marketx1,
2026-10-07,Wed 7 Oct,10:00,18:00,The Loss Prevention Lounge [Day 1],Glider Monitor by Hexens,Workshop/Hackathon,Free,,,,,luma.com,YES,https://luma.com/w8fi4x2j,4,,
2026-10-07,Wed 7 Oct,12:00,15:00,RWA Liquidity Brunch,Arrakis & Bitpanda Vision Foundation,Party/Dinner,Free,0,La Brasserie,,,luma.com,YES,https://luma.com/siad7fhd,4,RWA_Tokenizationx1,
2026-10-07,Wed 7 Oct,13:00,19:00,Privacy Summit,Starkware,Conference/Summit,Free,0,Paya Lebar Quarter - PLQ 3,,,luma.com,YES,https://luma.com/gbb4thfy,4,,
2026-10-07,Wed 7 Oct,14:00,18:00,THOUGHT LEADERS SUMMIT,Spartan Group Events,Workshop/Hackathon,Free,0,Marina One West Tower,,,luma.com,YES,https://luma.com/h0vfc5sy,4,,
2026-10-07,Wed 7 Oct,17:00,20:00,RWA Beyond the Hype: VIP Private Dinner,BiFu,Party/Dinner,Free,0,Suntec City,,,luma.com,YES,https://luma.com/ee7j5olw,4,RWA_Tokenizationx1,
2026-10-07,Wed 7 Oct,19:00,22:00,Capital x Counsel,Gosai Law,Party/Dinner,Free,0,,,,luma.com,YES,https://luma.com/5wqt0ady,4,"Investor_Fundraisex1,AIx1",
2026-10-08,Thu 8 Oct,07:30,09:30,Solana Strider Run & Breakfast,Strider,Workshop/Hackathon,Free,0,PlaySpace.sg,,,luma.com,YES,https://luma.com/hn4u80ws,4,,
2026-10-08,Thu 8 Oct,10:00,18:00,The Loss Prevention Lounge [Day 2],Glider Monitor by Hexens,Workshop/Hackathon,Free,,,,,luma.com,YES,https://luma.com/9k9nymg8,4,,
2026-10-08,Thu 8 Oct,11:00,14:00,DeFi Founders Club: Brunch,DeFi Founders Club,Workshop/Hackathon,Free,0,,,,luma.com,YES,https://luma.com/luxhenmm,4,,
2026-10-08,Thu 8 Oct,13:00,18:00,When AI Meets BTC,OnePiece Labs,Other,Free,0,suntec tower 2,,,luma.com,YES,https://luma.com/204926oc,4,AIx2,
2026-10-08,Thu 8 Oct,14:00,18:00,Ethereum Ecosystem Summit,Sharplink · BlockUnion · ETH HK Hub,Conference/Summit,Free,,Guoco Midtown Network Hub,,,luma.com,YES,https://luma.com/7q9md4zf,4,,
2026-10-09,Fri 9 Oct,14:00,18:00,A36: Pickleball + Bites 🏓,A36 Labs,Sport,Free,0,Singapore,,,luma.com,YES,https://luma.com/6mv7bwxa,4,APAC_Marketx1,
2026-10-10,Sat 10 Oct,15:30,18:30,The Best Event: The RWA Paddock with Brickken,The Best Event,Party/Dinner,Free,0,,,,luma.com,YES,https://luma.com/TBE-ThePaddock,4,RWA_Tokenizationx1,
2026-10-05,Mon 5 Oct,18:00,22:00,FastX Yacht Party,FastX,Party/Dinner,Free,0,ONE°15 Marina Sentosa Cove Singapore,,,luma.com,YES,https://luma.com/3uhh0ixb,3,APAC_Marketx1,
2026-10-06,Tue 6 Oct,13:00,16:00,zeroxkyle's Frens Hotpot 2,Personal,Party/Dinner,Free,0,Singapore,,,luma.com,YES,https://luma.com/tiud7qqj,3,APAC_Marketx1,
2026-10-06,Tue 6 Oct,15:00,19:00,Quants Lab by Quants.Space x POD,Personal,Party/Dinner,Free,0,Oche Clarke Quay - Singapore,,,luma.com,YES,https://luma.com/qhsp0ynh,3,APAC_Marketx1,
2026-10-06,Tue 6 Oct,18:00,22:00,Web3 HUNT After Dark!,BigONE,Party/Dinner,Free,0,QT Singapore,,,luma.com,YES,https://luma.com/f8c63aeq,3,APAC_Marketx1,
2026-10-06,Tue 6 Oct,20:00,21:00,GP Singapore,Personal,Party/Dinner,Free,0,,,,luma.com,YES,https://luma.com/uw828q63?utm_source=miragather.com,3,APAC_Marketx1,
2026-10-07,Wed 7 Oct,09:00,12:00,Compass: Meet & Brunch @ Singapore,Meet & Brunch @ Singapore,Party/Dinner,Free,0,,,,luma.com,YES,https://luma.com/sklh6syu,3,APAC_Marketx1,
2026-10-07,Wed 7 Oct,09:30,17:00,Circle House - Day 1,Circle,Other,Free,0,Marina Bay Sands Expo & Convention,YES,,luma.com,YES,https://luma.com/circlehouse2026,3,,
2026-10-07,Wed 7 Oct,13:00,16:00,Confessions of a Unicorn Founder,Alliance,Party/Dinner,Free,0,Singapore,,,luma.com,YES,https://luma.com/confessions,3,APAC_Marketx1,
2026-10-07,Wed 7 Oct,17:00,22:00,Polymarket Singapore Kick-Off,Personal,Party/Dinner,Free,0,,,,luma.com,YES,https://luma.com/polymarketsingapore?tk=joJ6lG,3,APAC_Marketx1,
2026-10-07,Wed 7 Oct,18:00,22:30,ENTER THE NIGHT,Midnight Network,Party/Dinner,Free,0,SUSHISAMBA Singapore,,,luma.com,YES,https://luma.com/event/manage/evt-9PfPGCQNN9dvVlc,3,APAC_Marketx1,
2026-10-07,Wed 7 Oct,18:00,23:00,Singapore GoClub event by GoMining,Personal,Party/Dinner,Free,0,The Riverhouse Singapore,,,luma.com,YES,https://luma.com/my49z704,3,APAC_Marketx1,
2026-10-07,Wed 7 Oct,18:00,22:00,ZOOMEX TRADERS AFTER PARTY,ZOOMEX EXCHANGE,Party/Dinner,Free,0,Echo Live Party Singapore,,,luma.com,YES,https://luma.com/izz3a6xc,3,APAC_Marketx1,
2026-10-07,Wed 7 Oct,19:00,23:00,Quantstamp x Common Defense x Hypernative x Lukka | Singapore Sips,"Quantstamp, Common Defense, Hypernative, Lukka",Party/Dinner,Free,,Neon Pigeon,,,luma.com,YES,https://luma.com/lj8vcxk7,3,APAC_Marketx1,
2026-10-07,Wed 7 Oct,19:00,24:00,The Next Horizon Soireé | Web3 Meets Electric Mobility 🏍️,Leo Electric,Party/Dinner,Free,0,Singapore Cricket Club,,,luma.com,YES,https://luma.com/ei99pxs8,3,APAC_Marketx1,
2026-10-07,Wed 7 Oct,20:00,00:00,Retrofuture Soiree by ChangeNOW: Singapore Edition,ChangeNOW,Party/Dinner,Free,,Republic Bar Singapore,,,luma.com,YES,https://luma.com/1phznwy6,3,APAC_Marketx1,
2026-10-08,Thu 8 Oct,09:30,17:00,Circle House - Day 2,Circle,Other,Free,0,Marina Bay Sands Expo & Convention,YES,,luma.com,YES,https://luma.com/circlehouse2026,3,,
2026-10-08,Thu 8 Oct,11:30,14:30,Oktoberfest Presented By Lattica x PredictFolio,Lattica x PredictFolio,Party/Dinner,Free,0,Paulaner Bräuhaus Singapore,,,luma.com,YES,https://luma.com/gptr5rfu,3,APAC_Marketx1,
2026-10-08,Thu 8 Oct,19:00,22:00,Starknet Private Dinner | Singapore Singapore,Starknet Foundation,Party/Dinner,Free,0,Marcy's,,,luma.com,YES,https://luma.com/starknet-private-dinner,3,APAC_Marketx1,
2026-10-08,Thu 8 Oct,19:30,24:00,Coinbase Champions,Coinbase,Party/Dinner,Free,0,Singapore,,,luma.com,YES,https://luma.com/coinbasechampions2026,3,APAC_Marketx1,
2026-10-08,Thu 8 Oct,21:00,02:00,MOMENTUM,Bambitz,Party/Dinner,Free,0,"20 Jln Kilang, #02-00, Singapore 159418",,,luma.com,YES,https://luma.com/t9z9tqd5,3,APAC_Marketx1,
2026-10-09,Fri 9 Oct,11:00,16:00,Vibrez × La Royale | Dockside Yacht Brunch,Vibrez × La Royale,Party/Dinner,Free,0,"MYKONOS (docked), ONE°15 Marina Sentosa Cove, 11 Cove Drive, Singapore 098497",,,luma.com,YES,https://luma.com/2sdrck9u,3,APAC_Marketx1,
2026-10-09,Fri 9 Oct,15:00,23:00,Formula 1 After Party,Personal,Party/Dinner,Free,0,Marina Bay Cruise Centre Singapore,,,luma.com,YES,https://luma.com/golp36tb,3,APAC_Marketx1,
2026-10-09,Fri 9 Oct,19:00,02:00,🎮 SPARKY: GAME ON!,Personal,Party/Dinner,Free,0,Singapore,,,luma.com,YES,https://luma.com/rruavcge,3,APAC_Marketx1,
2026-10-09,Fri 9 Oct,19:30,24:00,VIP Crypto Casino Dinner & Party by Rugbet.gg | Singapore,Singapore,Party/Dinner,Free,0,VUE,,,luma.com,YES,https://luma.com/8fsg2m3z,3,APAC_Marketx1,
2026-10-10,Sat 10 Oct,10:00,14:30,Vibrez × La Royale | Dockside Yacht Day,Vibrez × La Royale,Party/Dinner,Free,0,"MYKONOS (docked), ONE°15 Marina Sentosa Cove, 11 Cove Drive, Singapore 098497",,,luma.com,YES,https://luma.com/0yptiek6,3,APAC_Marketx1,
2026-10-10,Sat 10 Oct,15:00,23:30,F1 Watch Party — Singapore 🇸🇬🏎️,Personal,Party/Dinner,Free,0,Marina Bay Cruise Centre Singapore,,,luma.com,YES,https://luma.com/jxrnlqry,3,APAC_Marketx1,
2026-10-10,Sat 10 Oct,16:15,22:15,Vibrez × La Royale | Sprint & Qualifying Watch Party,Vibrez × La Royale,Party/Dinner,Free,0,"La Royale Group office, Millenia Tower #36-04, 1 Temasek Avenue, Singapore 039192",,,luma.com,YES,https://luma.com/vhdndvhn,3,APAC_Marketx1,
2026-10-11,Sun 11 Oct,11:00,22:00,Vibrez × La Royale | Race Day Yacht Party,Vibrez × La Royale,Party/Dinner,Free,0,"MYKONOS (docked), ONE°15 Marina Sentosa Cove, 11 Cove Drive, Singapore 098497",,,luma.com,YES,https://luma.com/gqwqsft8,3,APAC_Marketx1,
2026-10-11,Sun 11 Oct,14:30,23:30,F1 Watch Party With Joe,Personal,Party/Dinner,Free,0,Marina Bay Cruise Centre Singapore,,,luma.com,YES,https://luma.com/zgtinqk2,3,APAC_Marketx1,
2026-10-11,Sun 11 Oct,15:00,23:30,F1 Watch Party — Singapore Race Day,Personal,Party/Dinner,Free,0,Marina Bay Cruise Centre Singapore,,,luma.com,YES,https://luma.com/png06ixj,3,APAC_Marketx1,
2026-10-11,Sun 11 Oct,18:30,22:30,Vibrez × La Royale | Singapore Grand Prix Screening,Vibrez × La Royale,Party/Dinner,Free,0,"La Royale Group office, Millenia Tower #36-04, 1 Temasek Avenue, Singapore 039192",,,luma.com,YES,https://luma.com/y327jwjd,3,APAC_Marketx1,
2026-10-05,Mon 5 Oct,10:00,14:00,HyprEarn Perp Traders Mixer,Personal,Networking,Free,0,,,,luma.com,YES,https://luma.com/lh5uxlii,2,,
2026-10-05,Mon 5 Oct,17:00,19:30,Allium Happy Hour,Allium,Networking,Free,0,,,,luma.com,YES,https://luma.com/allium-HH-token2049,2,,
2026-10-05,Mon 5 Oct,17:00,21:30,Haruko and Kalshi Present: More than a million,Haruko <> Kalshi,Networking,Free,0,,,,luma.com,YES,https://luma.com/zsgdwcee,2,,
2026-10-06,Tue 6 Oct,15:00,16:30,Sorted Swing — Move. Connect. Have Fun,Sorted,Networking,Free,0,https://maps.app.goo.gl/2yHpciXA2G5Wrcyv8?g_st=ic,,,luma.com,YES,https://luma.com/n8w8cqyf,2,,
2026-10-06,Tue 6 Oct,16:00,19:00,Forgd & DefiLlama Happy Hour,Personal,Networking,Free,0,,,,luma.com,YES,https://luma.com/685mx98g,2,,
2026-10-06,Tue 6 Oct,17:00,21:30,CryptoMondays Mena Networking,Crypto Monadays Mena,Networking,Free,0,,,,luma.com,YES,https://luma.com/g1e3dz13,2,,
2026-10-06,Tue 6 Oct,17:00,22:00,Kickoff on the Quay | Fordefi x Gauntlet,Fordefi x Gauntlet,Networking,Free,0,Brewerkz One Fullerton,,,luma.com,YES,https://luma.com/21mjmo8m,2,,
2026-10-06,Tue 6 Oct,18:00,21:00,Classy Options by STS Digital and CMT Digital,STS Digital & CMT Digital,Networking,Free,0,,,,luma.com,YES,https://luma.com/34kushhq,2,,
2026-10-06,Tue 6 Oct,18:00,22:00,Open Board: Founders & VC's,Cicada,Networking,Free,0,Altro Zafferano,,,luma.com,YES,https://luma.com/3ebl12gl,2,,
2026-10-06,Tue 6 Oct,18:00,21:00,Web3 Accountant Meet 2026,Web3 Accountant,Networking,Free,0,,,,luma.com,YES,https://luma.com/2lzwk49p,2,,
2026-10-06,Tue 6 Oct,19:00,23:00,The AULT Society,INPUT Global Events,Networking,Free,0,MO BAR,,,luma.com,YES,https://luma.com/AULTSociety,2,,
2026-10-06,Tue 6 Oct,19:00,22:00,The Blue Party,Toobit,Networking,Free,,El Chido,,,luma.com,YES,https://luma.com/lu1shpjk,2,,
2026-10-06,Tue 6 Oct,20:00,00:00,The Room Where It Happens,Upside,Networking,Free,0,Grande Vida Tobacconist,,,luma.com,YES,https://luma.com/qmd42t6x,2,,
2026-10-07,Wed 7 Oct,08:00,11:00,Canton & Coffee,Canton,Networking,Free,0,,,,luma.com,YES,https://luma.com/canton-63pr,2,,
2026-10-07,Wed 7 Oct,10:00,12:00,Starknet: Coffee & Beats,Starknet Foundation,Networking,Free,0,POUT Rooftop Cafe,,,luma.com,YES,https://luma.com/starknet-coffee-and-beats,2,,
2026-10-07,Wed 7 Oct,11:30,14:30,VIP-Only Luncheon,Personal,Networking,Free,0,Imperial Treasure Fine Chinese Cuisine (Marina Bay Sands),,,luma.com,YES,https://luma.com/48741c64,2,,
2026-10-07,Wed 7 Oct,12:30,16:30,Starknet Clubhouse,Starknet Foundation,Networking,Free,0,POUT Rooftop Cafe,,,luma.com,YES,https://luma.com/starknet-clubhouse,2,,
2026-10-07,Wed 7 Oct,15:00,18:00,Pizza Break | Artemis Digital — Day 1,Artemis Digital — Day 1,Networking,Free,,,,,luma.com,YES,https://luma.com/n5hzhlfl,2,,
2026-10-07,Wed 7 Oct,17:00,20:00,DCS x OSL Beyond Borders,DCS and OSL,Networking,Free,0,DCS Card Centre Pte. Ltd.,,,luma.com,YES,https://luma.com/rm4z8e9j,2,,
2026-10-07,Wed 7 Oct,17:00,21:00,Institutions x Whales: VVIP Yatch Party,Capvise,Networking,Free,,,,,luma.com,YES,https://luma.com/6hzrkpab,2,,
2026-10-07,Wed 7 Oct,17:00,21:00,Robot Fight | ARC Night | Race Week,Katena AI,Party/Dinner,Free & Paid,0,*SCAPE The Ground Theatre,,,luma.com,YES,https://luma.com/arcnight_sg2026,2,AIx2,
2026-10-07,Wed 7 Oct,17:00,21:00,"STS Digital & Derive.xyz - Volatility, Yield & Cocktails",Derive.xyz,Party/Dinner,Free,0,,,,luma.com,YES,https://luma.com/hsbdu11e,2,Stablecoin_Paymentsx1,
2026-10-07,Wed 7 Oct,18:00,23:00,OKX Web3 Night : Beyond X,OKX Web3,Networking,Free,0,,,,luma.com,YES,https://luma.com/anz87dqc,2,,
2026-10-07,Wed 7 Oct,18:00,21:00,Quantum Security for Digital Assets,Quantova,Networking,Free,,MBFC Tower 2,,,luma.com,YES,https://luma.com/t7pr9d8o,2,,
2026-10-07,Wed 7 Oct,18:30,21:00,Beyond the Hype: Building What Lasts,Epic Connector,Networking,Free & Paid,0,,,,luma.com,YES,https://luma.com/2026token2049,2,,
2026-10-07,Wed 7 Oct,18:30,21:30,Night By The Pool,FOMO Pay,Networking,Free,0,,,,luma.com,YES,https://luma.com/aly3y0hz,2,,
2026-10-08,Thu 8 Oct,10:00,12:30,Beyond the Vaults: Treehouse x Lido (Session 1),Treehouse Token2049 Calendar 2026,Networking,Free,0,,,,luma.com,YES,https://luma.com/mtccmiud,2,,
2026-10-08,Thu 8 Oct,10:30,18:00,Midnight Cafe,Midnight Network,Networking,Free,0,Maison Boulud,,,luma.com,YES,https://luma.com/rvb1kraj,2,,
2026-10-08,Thu 8 Oct,11:00,13:00,Gibson Dunn x Hex Trust - Where the Market Meets,Hex Trust Events,Networking,Free,0,,,,luma.com,YES,https://luma.com/doe6n7iq,2,,
2026-10-08,Thu 8 Oct,11:00,14:00,Uncovering Hidden Know-How: HFT Closed-Door Meetup,Quant Ferryman,Networking,Free,0,,,,luma.com,YES,https://luma.com/2sin1muv,2,,
2026-10-08,Thu 8 Oct,13:00,15:30,Beyond the Vaults: Treehouse x Lido (Session 2),Treehouse,Networking,Free,0,,,,luma.com,YES,https://luma.com/ws5i4di2,2,,
2026-10-08,Thu 8 Oct,15:00,18:00,Pizza Break | Artemis Digital — Day 2,Artemis Digital — Day 2,Networking,Free,,,,,luma.com,YES,https://luma.com/7h84les3,2,,
2026-10-08,Thu 8 Oct,17:00,20:00,🔥 PowerScale: Crypto × Anime × Social Prediction Market 🔥,Personal,Networking,Free,,,,,luma.com,YES,https://luma.com/dtll2zqx,2,,
2026-10-08,Thu 8 Oct,19:30,23:00,Capital & Credit VIP Dinner,Figure & Stellar,Party/Dinner,Free,0,Violet Oon,,,luma.com,YES,https://luma.com/8utxbh3j,2,Investor_Fundraisex1,
2026-10-09,Fri 9 Oct,16:00,19:00,Builders Meet 🇸🇬,Buildify,Networking,Free,0,,,,luma.com,YES,https://luma.com/svhznq16,2,,
2026-10-10,Sat 10 Oct,21:00,22:00,[ONLINE] For Those Who Missed: GetBlock Team Insights,GetBlock,Networking,Free,0,[VIRTUAL],,,luma.com,YES,https://luma.com/oq4ncz5u,2,,
2026-10-05,Mon 5 Oct,18:30,22:00,0G Dev Day VIP Reception Dinner,0G's Event Calendar,Party/Dinner,Free,0,The Arts House at the Old Parliament,,,luma.com,YES,https://luma.com/0g-VIP-reception,1,Infra_Interopx1,
2026-10-06,Tue 6 Oct,18:00,22:00,Robinhood Chain Community Kick-Off x Nouns ⌐◨-◨,Nouns DAO,Party/Dinner,Free,0,,,,luma.com,YES,https://luma.com/callrd97,1,Infra_Interopx1,
2026-10-06,Tue 6 Oct,19:30,22:30,Blockchain.com: The Restaurant at the End of the Conference,Blockchain.com,Party/Dinner,Free,0,,,,luma.com,YES,https://luma.com/blockc-rkje,1,Infra_Interopx1,
2026-10-07,Wed 7 Oct,19:00,23:00,Cross-Chain Networking Happy Hour,Personal,Party/Dinner,Free,0,,,,luma.com,YES,https://luma.com/2mg13vuz,1,Infra_Interopx1,
2026-10-07,Wed 7 Oct,19:00,22:00,MST Blockchain - Offchain Hours | Consensus & Cocktails🍸,Consensus & Cocktails🍸,Party/Dinner,Free,0,,,,luma.com,YES,https://luma.com/9v0sxsnz,1,Infra_Interopx1,
2026-10-08,Thu 8 Oct,11:00,14:00,The Onchain Mixer,Personal,Party/Dinner,Free,0,Roberta’s Marina Bay Sands,,,luma.com,YES,https://luma.com/oknedt0y,1,Infra_Interopx1,
2026-10-07,Wed 7 Oct,07:30,19:00,BTCC Traders Club - Day 1,BTCC,Other,Free,0,Marina Bay Sands Expo & Convention,,,luma.com,YES,https://luma.com/x6q6vmm9,0,,
2026-10-08,Thu 8 Oct,07:30,19:00,BTCC Traders Club - Day 2,BTCC,Other,Free,0,Marina Bay Sands Expo & Convention,,,luma.com,YES,https://luma.com/x6q6vmm9,0,,
2026-10-08,Thu 8 Oct,16:00,18:00,Upside Presents: Carve Your Niche in Time,Upside,Other,Free,0,Roger Dubuis Marina Bay Sands,,,luma.com,YES,https://luma.com/c52iymty,0,,
2026-10-07,Wed 7 Oct,07:00,09:00,Sui Run Club | The Human Layer IRL 3K.5K.7K,Sui Foundation,Sport,Free,0,Marina Bay,,,luma.com,YES,https://luma.com/xns9yc4w,-1,,
2026-10-07,Wed 7 Oct,18:30,21:30,Hot Girl Jog & Trek + Drinks & Bites: For women in crypto/finance/tech/web3,Hangouts With Her,Sport,Free,,59 Duxton Rd,,,luma.com,YES,https://luma.com/as504pew,-1,,
2026-10-10,Sat 10 Oct,18:00,22:00,Padel Hangout by Arc Trading,Arc Trading,Sport,Free,0,Pop Padel,,,luma.com,YES,https://luma.com/nt0j0ptg,-1,,
2026-10-05,Mon 5 Oct,17:00,21:00,🚤 Web3 Founders & Builders Boat Party🇸🇬,Personal,Party/Dinner,Free,0,Boat Quay,,,luma.com,YES,https://luma.com/zn7y3boz,-2,,
2026-10-05,Mon 5 Oct,18:00,02:00,The Best Event: Afterdark,The Best Event,Party/Dinner,Free & Paid,0,Capitol Theatre,,,luma.com,YES,https://luma.com/tbe-afterdark,-2,,
2026-10-06,Tue 6 Oct,14:00,17:00,The Vantage,The Best Event,Party/Dinner,Free,0,,,,luma.com,YES,https://luma.com/TBE-TheVantage,-2,,
2026-10-06,Tue 6 Oct,18:00,22:00,"Trading & Cocktails with WhiteBIT, Bequant, BSO","WhiteBIT, Bequant, BSO",Party/Dinner,Free,0,ANTI:DOTE,,,luma.com,YES,https://luma.com/eo75vwth,-2,,
2026-10-06,Tue 6 Oct,19:00,22:00,Predictions Over Wine: an Invite-Only Prediction Markets Evening by Raven,Raven,Party/Dinner,Free,0,Big Wine Freaks,,,luma.com,YES,https://luma.com/pwn3k3pw,-2,,
2026-10-06,Tue 6 Oct,20:00,01:00,FutureXcon,FutureXCon,Party/Dinner,Free,,Caffe Fernet,,,luma.com,YES,https://luma.com/czcu2q8y,-2,,
2026-10-06,Tue 6 Oct,20:30,23:30,Liquid Hours By Libeara,Libeara,Party/Dinner,Free,,Vatos Kitchen & Bar,,,luma.com,YES,https://luma.com/jdkbue3v,-2,,
2026-10-06,Tue 6 Oct,22:00,02:00,Glow Night with ZMO,ZMO,Party/Dinner,Free,0,Fate by HaveFun (Cineleisure),,,luma.com,YES,https://luma.com/92jeiach,-2,,
2026-10-06,Tue 6 Oct,22:00,00:30,Midnight Munchies with Ammalgam,Personal,Party/Dinner,Free,,,,,luma.com,YES,https://luma.com/vw4y28g1,-2,,
2026-10-07,Wed 7 Oct,11:00,14:00,The Best Event: The Peak,The Best Event,Party/Dinner,Free,0,,,,luma.com,YES,https://luma.com/TBE-ThePeak,-2,,
2026-10-07,Wed 7 Oct,15:30,18:30,VIP Penthouse Experience,The Best Event,Party/Dinner,Free,0,,,,luma.com,YES,https://luma.com/vippenthouse,-2,,
2026-10-07,Wed 7 Oct,17:00,19:00,10x Research 'Get Together',Personal,Party/Dinner,Free,0,,,,luma.com,YES,https://luma.com/rofpy20p,-2,,
2026-10-07,Wed 7 Oct,17:00,18:00,Happy Hour | ether.fi Lounge,ether.fi Lounge,Party/Dinner,Free,0,,,,luma.com,YES,https://luma.com/rrusrk76,-2,,
2026-10-07,Wed 7 Oct,18:00,21:00,"Token VIP Dinner w/ Exodus, Onramper and ZCash",Exodus,Party/Dinner,Free,0,,,,luma.com,YES,https://luma.com/kkusynvq,-2,,
2026-10-07,Wed 7 Oct,19:00,22:00,0G: Bright Futures After Dark,0G's Event Calendar,Party/Dinner,Free,0,Boat Quay,,,luma.com,YES,https://luma.com/0g_KOL_Singapore2026,-2,,
2026-10-07,Wed 7 Oct,19:00,23:00,Convergence Mixer by Surgence Labs,Surgence Labs,Party/Dinner,Free,0,Moon Rooftop Bar & Lounge Pte. Ltd.,,,luma.com,YES,https://luma.com/convergence-mixer-by-surgencelabs?tk=0yS6zl,-2,,
2026-10-07,Wed 7 Oct,19:00,22:00,UNPROMPTED: An Evening of Unscripted Conversations,Cobo,Party/Dinner,Free,0,LeVeL33,,,luma.com,YES,https://luma.com/n3csj3ze,-2,,
2026-10-07,Wed 7 Oct,19:30,00:00,Crypto Noir:After Party,Personal,Party/Dinner,Free,0,Moon Rooftop Bar & Lounge Pte. Ltd.,,,luma.com,YES,https://luma.com/hiduaq79,-2,,
2026-10-07,Wed 7 Oct,19:30,21:30,Networking Night - For women in crypto/finance/tech/Web3/creatives,Hangouts With Her,Party/Dinner,Free,0,59 Duxton Rd,,,luma.com,YES,https://luma.com/zaz2b1xy,-2,,
2026-10-08,Thu 8 Oct,15:30,18:30,The Best Event: New Heights,The Best Event,Party/Dinner,Free,0,,,,luma.com,YES,https://luma.com/TBE-NewHeights,-2,,
2026-10-08,Thu 8 Oct,18:00,21:00,"VIP Mixer, hosted by Exodus, Meow, Unlimit and Banxa",Crypto Events,Party/Dinner,Free,0,,,,luma.com,YES,https://luma.com/4zjlx5m6,-2,,
2026-10-08,Thu 8 Oct,18:30,22:30,The Garden Room,INPUT Global,Party/Dinner,Free,,Marguerite,,,luma.com,YES,https://luma.com/TheGardenRoom,-2,,
2026-10-08,Thu 8 Oct,19:00,23:00,BTCC THE ROOFTOP AFTERS,BTCC,Party/Dinner,Free,,,,,luma.com,YES,https://luma.com/tifs8vsq,-2,,
2026-10-08,Thu 8 Oct,20:00,23:00,The Best Event: The Zenith with Kredete,The Best Event,Party/Dinner,Free,0,,,,luma.com,YES,https://luma.com/TBE-TheZenith,-2,,
2026-10-08,Thu 8 Oct,20:00,22:00,The Vol Table,Sandmark,Party/Dinner,Free,0,TBA,,,luma.com,YES,https://luma.com/dfh7utyk,-2,,
2026-10-08,Thu 8 Oct,21:00,02:00,Above the Rails,BFinance,Party/Dinner,Free,,,,,luma.com,YES,https://luma.com/g8sfrbom,-2,,
2026-10-09,Fri 9 Oct,10:00,13:00,The Best Event: F1 Practice with Fasset,The Best Event,Party/Dinner,Free,0,,,,luma.com,YES,https://luma.com/TBE-F1Practice,-2,,
2026-10-09,Fri 9 Oct,11:00,14:00,The Best Event: Above the Skyline,The Best Event,Party/Dinner,Free,0,,,,luma.com,YES,https://luma.com/TBE-Skyline,-2,,
2026-10-09,Fri 9 Oct,20:00,23:00,The Best Event: F1 Sprint Qualifying with ASI,The Best Event,Party/Dinner,Free,0,,,,luma.com,YES,https://luma.com/TBE-F1SprintQual,-2,,
2026-10-10,Sat 10 Oct,09:30,12:30,The Lion City Michelin Food Race 2026 - Reg Interest,Everyday Tour Company & Attribute Data Collabs,Party/Dinner,Free,,Central Area,,,luma.com,YES,https://luma.com/michelinfoodrace1010,-2,,
2026-10-10,Sat 10 Oct,11:00,14:00,The Best Event: Elevation,The Best Event,Party/Dinner,Free,0,,,,luma.com,YES,https://luma.com/TBE-Elevation,-2,,
2026-10-10,Sat 10 Oct,19:00,24:00,Crypto Syndicate Party,Personal,Party/Dinner,Free,0,LAVO Coastal Italian Restaurant & Rooftop Bar,,,luma.com,YES,https://luma.com/pohccu99,-2,,
2026-10-10,Sat 10 Oct,20:00,23:00,The Invite,The Best Event,Party/Dinner,Free,0,,,,luma.com,YES,https://luma.com/tbe-zoth-f1,-2,,
2026-10-11,Sun 11 Oct,09:30,12:30,The Lion City Michelin Food Race 2026 11 Oct - Register Interest,Everyday Tour Company & Attribute Data Collabs,Party/Dinner,Free,,Central Area,,,luma.com,YES,https://luma.com/michelinfoodrace1011,-2,,
2026-10-11,Sun 11 Oct,12:00,15:00,The Best Event: The Pinnacle,The Best Event,Party/Dinner,Free,0,,,,luma.com,YES,https://luma.com/TBE-ThePinnacle,-2,,
2026-10-11,Sun 11 Oct,18:00,23:00,The Best Event: Grand Prix Trackside Penthouse Viewing,The Best Event,Party/Dinner,Free,0,,,,luma.com,YES,https://luma.com/TBE-F1Race,-2,,
