date,day,start,end,name,organiser,category,venue,platform,luma,register,score,themes,luma_free,luma_soldout,luma_approval,luma_spots,luma_questions,scan
2026-10-08,Thu 8 Oct,13:30,17:30,AI & Emerging Onchain Assets,BiXin Ventures,Networking,"70 Bendemeer Rd, Singapore 339940",luma.com,YES,https://luma.com/09pd8o7a,22,"RWA_Tokenizationx1,Institutional_DATx1,APAC_Marketx1,AIx1,Infra_Interopx1",YES,,,,What company do you work for?(*) | What is your Telegram username?,OK
2026-10-06,Tue 6 Oct,18:00,21:30,Trading the AI Era — A Horizon Series Event @Singapore,021Lab,Conference/Summit,67 Ayer Rajah Cres.,luma.com,YES,https://luma.com/egxzlyfe,13,"APAC_Marketx1,AIx2",YES,,,,Who are you trying to meet? | Company,OK
2026-10-08,Thu 8 Oct,10:00,18:00,AI for Humanity Impact Forum 2026,Singapore Innovation Centre,Conference/Summit,*SCAPE The Ground Theatre,luma.com,YES,https://luma.com/jp3795j0,11,"APAC_Marketx1,AIx1",YES,,,169,What is your LinkedIn profile?(*) | What is your X (Twitter) handle? | Mobile / What’s App (Please insert country code)(*) | What is your Telegram username? | Nationality (Info used for exclusive invi,OK
2026-10-05,Mon 5 Oct,10:00,16:00,Solana Mini Hacker House x 021Lab · Singapore 2026 - Day 1,021Lab,Hackathon,67 Ayer Rajah Cres.,luma.com,YES,https://luma.com/dpdxyo2d,10,APAC_Marketx1,YES,,,,What is your LinkedIn profile?(*) | Who are you trying to meet at this event?(*) | Telegram (@xxx)(*) | Are you joining as(*),OK
2026-10-06,Tue 6 Oct,10:00,17:30,Solana Mini Hacker House x 021Lab · Singapore 2026 - Day 2,021Lab,Hackathon,67 Ayer Rajah Cres.,luma.com,YES,https://luma.com/dpdxyo2d,10,APAC_Marketx1,YES,,,,What is your LinkedIn profile?(*) | Who are you trying to meet at this event?(*) | Telegram (@xxx)(*) | Are you joining as(*),OK
2026-10-07,Wed 7 Oct,10:30,17:00,Payments and Stablecoins Cafe in MBS w/ Monad Foundation and StraitsX,Monad Foundation,Networking,PS.Cafe Marina Bay Sands,luma.com,YES,https://luma.com/monad-straitsx,10,Stablecoin_Paymentsx2,YES,,,,,OK
2026-10-09,Fri 9 Oct,09:00,20:00,"Network State Conference: Singapore Oct 9, 2026",Network School,Workshop/Hackathon,,luma.com,YES,https://luma.com/ns2026,9,APAC_Marketx1,YES,,,,,OK
2026-10-09,Fri 9 Oct,20:00,23:00,Super Secret Private & VIP Institutional Karaoke Cross-Chain Roundtable,Personal,Party/Dinner,OverTime Pub,luma.com,YES,https://luma.com/zl4ggl0o,9,"Institutional_DATx1,Investor_Fundraisex1,Infra_Interopx1",YES,,,,Have you joined the Super Secret VIP networking group: https://t.me/+kdUec9iJQjkzYjMy(*) | What is your LinkedIn profile?(*) | Terms and Conditions(*),OK
2026-10-08,Thu 8 Oct,09:00,18:00,HSC Asset Management Singapore,HSC & MPost,Conference/Summit,Fairmont Singapore,luma.com,YES,https://luma.com/HSC_Singapore,9,APAC_Marketx1,YES,,,,"Job Title(*) | Company(*) | Telegram(*) | We’ve got a Telegram Chat powered by LinkUp—a networking tool that lets you view other attendees' profiles and connect with them | If you’d like to join it, c",OK
2026-10-06,Tue 6 Oct,10:00,12:00,ACTIVATE: Sunrise Yoga,BTSE Enterprise Solutions,Networking,Tanjong Pagar,luma.com,YES,https://luma.com/s8i7jczp,9,Enterprise_Chainx1,YES,,,,Your Company | Job Title | TG Handle,OK
2026-10-09,Fri 9 Oct,09:00,22:00,Web3TV Interview Feature With Singapore Blockchain Week - Day 5,Singapore Blockchain Week,Other,Singapore,luma.com,YES,https://luma.com/dd8728yc,8,"APAC_Marketx1,Infra_Interopx1",YES,,,142,What is your LinkedIn profile?(*) | What is your X (Twitter) handle? | Mobile / What’s App (Please insert country code)(*) | What is your Telegram username? | Nationality (Info used for exclusive invi,OK
2026-10-05,Mon 5 Oct,09:00,22:00,Web3TV Interview Feature With Singapore Blockchain Week - Day 1,Singapore Blockchain Week,Other,Singapore,luma.com,YES,https://luma.com/dd8728yc,8,"APAC_Marketx1,Infra_Interopx1",YES,,,142,What is your LinkedIn profile?(*) | What is your X (Twitter) handle? | Mobile / What’s App (Please insert country code)(*) | What is your Telegram username? | Nationality (Info used for exclusive invi,OK
2026-10-08,Thu 8 Oct,09:00,22:00,Web3TV Interview Feature With Singapore Blockchain Week - Day 4,Singapore Blockchain Week,Other,Singapore,luma.com,YES,https://luma.com/dd8728yc,8,"APAC_Marketx1,Infra_Interopx1",YES,,,142,What is your LinkedIn profile?(*) | What is your X (Twitter) handle? | Mobile / What’s App (Please insert country code)(*) | What is your Telegram username? | Nationality (Info used for exclusive invi,OK
2026-10-06,Tue 6 Oct,09:00,22:00,Web3TV Interview Feature With Singapore Blockchain Week - Day 2,Singapore Blockchain Week,Other,Singapore,luma.com,YES,https://luma.com/dd8728yc,8,"APAC_Marketx1,Infra_Interopx1",YES,,,142,What is your LinkedIn profile?(*) | What is your X (Twitter) handle? | Mobile / What’s App (Please insert country code)(*) | What is your Telegram username? | Nationality (Info used for exclusive invi,OK
2026-10-07,Wed 7 Oct,09:00,22:00,Web3TV Interview Feature With Singapore Blockchain Week - Day 3,Singapore Blockchain Week,Other,Singapore,luma.com,YES,https://luma.com/dd8728yc,8,"APAC_Marketx1,Infra_Interopx1",YES,,,142,What is your LinkedIn profile?(*) | What is your X (Twitter) handle? | Mobile / What’s App (Please insert country code)(*) | What is your Telegram username? | Nationality (Info used for exclusive invi,OK
2026-10-05,Mon 5 Oct,15:00,18:00,BORN.LIVE Singapore — Opening Mixer,BORN.LIVE,Networking,SQUE Rotisserie & Alehouse,luma.com,YES,https://luma.com/bae06r0t,7,APAC_Marketx1,YES,,,,"What is your Telegram username? | What is your X (Twitter) handle? | What best describes you?(*) | Who would you most like to meet this week?(*) | What company, project or community are you with?",OK
2026-10-07,Wed 7 Oct,19:00,22:00,Ault Markets × OnlyBulls Social Singapore,Ault Markets,Networking,The NCO Club,luma.com,YES,https://luma.com/6cdxnhmz,7,APAC_Marketx1,YES,,,,Which markets are you active in?(*),OK
2026-10-09,Fri 9 Oct,10:00,22:00,AI For Everyone Forum,Singapore Innovation Centre,Party/Dinner,*SCAPE,luma.com,YES,https://luma.com/ak8p4133,5,"APAC_Marketx1,AIx1",YES,,,176,What is your LinkedIn profile?(*) | What is your X (Twitter) handle? | Mobile / What’s App (Please insert country code)(*) | What is your Telegram username? | Nationality (Info used for exclusive invi,OK
2026-10-09,Fri 9 Oct,10:00,00:00,TRADERS WEEK | SINGAPORE 🇸🇬🏆 - Day 5,Trading Battles,Other,,luma.com,YES,https://luma.com/vylnjbnb,5,APAC_Marketx1,YES,,,,What is your Telegram username?(*) | What is your X (Twitter) handle? | What company do you work for?,OK
2026-10-05,Mon 5 Oct,10:00,00:00,TRADERS WEEK | SINGAPORE 🇸🇬🏆 - Day 1,Trading Battles,Other,,luma.com,YES,https://luma.com/vylnjbnb,5,APAC_Marketx1,YES,,,,What is your Telegram username?(*) | What is your X (Twitter) handle? | What company do you work for?,OK
2026-10-10,Sat 10 Oct,10:00,00:00,TRADERS WEEK | SINGAPORE 🇸🇬🏆 - Day 6,Trading Battles,Other,,luma.com,YES,https://luma.com/vylnjbnb,5,APAC_Marketx1,YES,,,,What is your Telegram username?(*) | What is your X (Twitter) handle? | What company do you work for?,OK
2026-10-08,Thu 8 Oct,10:00,00:00,TRADERS WEEK | SINGAPORE 🇸🇬🏆 - Day 4,Trading Battles,Other,,luma.com,YES,https://luma.com/vylnjbnb,5,APAC_Marketx1,YES,,,,What is your Telegram username?(*) | What is your X (Twitter) handle? | What company do you work for?,OK
2026-10-08,Thu 8 Oct,20:00,22:00,SINGAPORE TRADING TOURNAMENT,For Traders,Other,Marina Bay Sands Singapore,luma.com,YES,https://luma.com/6qgnmr5b,5,APAC_Marketx1,YES,,,,,OK
2026-10-06,Tue 6 Oct,10:00,00:00,TRADERS WEEK | SINGAPORE 🇸🇬🏆 - Day 2,Trading Battles,Other,,luma.com,YES,https://luma.com/vylnjbnb,5,APAC_Marketx1,YES,,,,What is your Telegram username?(*) | What is your X (Twitter) handle? | What company do you work for?,OK
2026-10-07,Wed 7 Oct,10:00,00:00,TRADERS WEEK | SINGAPORE 🇸🇬🏆 - Day 3,Trading Battles,Other,,luma.com,YES,https://luma.com/vylnjbnb,5,APAC_Marketx1,YES,,,,What is your Telegram username?(*) | What is your X (Twitter) handle? | What company do you work for?,OK
2026-10-08,Thu 8 Oct,10:00,18:00,The Loss Prevention Lounge [Day 2],Glider Monitor by Hexens,Workshop/Hackathon,,luma.com,YES,https://luma.com/9k9nymg8,4,,YES,,,,,OK
2026-10-08,Thu 8 Oct,13:00,18:00,When AI Meets BTC,OnePiece Labs,Other,suntec tower 2,luma.com,YES,https://luma.com/204926oc,4,AIx2,YES,,,,Company Name(*) | Industry(*) | Goals For This Event(*) | Please follow us on X: https://x.com/op_catlayer(*),OK
2026-10-07,Wed 7 Oct,10:00,18:00,The Loss Prevention Lounge [Day 1],Glider Monitor by Hexens,Workshop/Hackathon,,luma.com,YES,https://luma.com/w8fi4x2j,4,,YES,,,,,OK
2026-10-08,Thu 8 Oct,09:30,17:00,Circle House - Day 2,Circle,Other,Marina Bay Sands Expo & Convention,luma.com,YES,https://luma.com/circlehouse2026,3,,YES,,,,What company do you work for?(*) | Terms and Conditions(*),OK
2026-10-07,Wed 7 Oct,09:30,17:00,Circle House - Day 1,Circle,Other,Marina Bay Sands Expo & Convention,luma.com,YES,https://luma.com/circlehouse2026,3,,YES,,,,What company do you work for?(*) | Terms and Conditions(*),OK
2026-10-07,Wed 7 Oct,18:00,22:00,ZOOMEX TRADERS AFTER PARTY,ZOOMEX EXCHANGE,Party/Dinner,Echo Live Party Singapore,luma.com,YES,https://luma.com/izz3a6xc,3,APAC_Marketx1,YES,,,,What company do you work for?(*) | Have you used Zoomex before?(*) | Which best describes your role?(*) | How did you hear about this event?(*),OK
2026-10-10,Sat 10 Oct,21:00,22:00,[ONLINE] For Those Who Missed: GetBlock Team Insights,GetBlock,Networking,[VIRTUAL],luma.com,YES,https://luma.com/oq4ncz5u,2,,YES,,,,Provide your X username:(*) | Provide your Telegram username:(*) | Please give us a follow on X: https://x.com/getblockio(*),OK
2026-10-08,Thu 8 Oct,10:30,18:00,Midnight Cafe,Midnight Network,Networking,Maison Boulud,luma.com,YES,https://luma.com/rvb1kraj,2,,YES,,,,,OK
2026-10-08,Thu 8 Oct,17:00,20:00,🔥 PowerScale: Crypto × Anime × Social Prediction Market 🔥,Personal,Networking,,luma.com,YES,https://luma.com/dtll2zqx,2,,YES,,,,What is your Instagram username? | What is your X (Twitter) handle? | Which world are you coming from? | Want to bring your community into this?(*) | What's your strongest take? | Terms and Conditions,OK
2026-10-08,Thu 8 Oct,07:30,19:00,BTCC Traders Club - Day 2,BTCC,Other,Marina Bay Sands Expo & Convention,luma.com,YES,https://luma.com/x6q6vmm9,0,,YES,,,,,OK
2026-10-07,Wed 7 Oct,07:30,19:00,BTCC Traders Club - Day 1,BTCC,Other,Marina Bay Sands Expo & Convention,luma.com,YES,https://luma.com/x6q6vmm9,0,,YES,,,,,OK
2026-10-05,Mon 5 Oct,18:00,02:00,The Best Event: Afterdark,The Best Event,Party/Dinner,Capitol Theatre,luma.com,YES,https://luma.com/tbe-afterdark,-2,,YES,,,2801,What is your Telegram username?(*) | What is your LinkedIn profile?(*) | What is your X (Twitter) handle? | What best describes your role?(*) | What company or project are you mainly working with?(*) ,OK
2026-10-06,Tue 6 Oct,22:00,00:30,Midnight Munchies with Ammalgam,Personal,Party/Dinner,,luma.com,YES,https://luma.com/vw4y28g1,-2,,YES,,,,,OK
