date,day,start,end,name,organiser,category,venue,platform,luma,register,score,themes
2026-10-05,Mon 5 Oct,11:30,15:00,RWA Capital Forum,Taisu Ventures,Networking,21 Collyer Quay,luma.com,YES,https://luma.com/ydaq5h18,16,"RWA_Tokenizationx1,Institutional_DATx1,Investor_Fundraisex1"
2026-10-05,Mon 5 Oct,17:00,20:00,BetterX: Navigating the Current State of Payments & Yield,BetterX,Networking,ONE°15 Marina Sentosa Cove Singapore,luma.com,YES,https://luma.com/p5e1t0u0,15,"Stablecoin_Paymentsx2,APAC_Marketx1"
2026-10-06,Tue 6 Oct,07:30,09:00,AM Run & Workout w/ Bankless VC,BVC,Sport,Singapore,luma.com,YES,https://luma.com/07wqstj3,15,"Enterprise_Chainx1,Institutional_DATx1,APAC_Marketx1"
2026-10-06,Tue 6 Oct,09:00,11:30,APAC Enterprise & Tokenization Breakfast,The Capital Summit,Networking,Conrad Singapore Orchard,luma.com,YES,https://luma.com/u250ag4s,29,"RWA_Tokenizationx1,Enterprise_Chainx1,APAC_Marketx2,Investor_Fundraisex1"
2026-10-06,Tue 6 Oct,12:00,17:00,The Capital Summit x Asia Stablecoin Conference,The Capital Summit,Conference/Summit,Conrad Singapore Orchard,luma.com,YES,https://luma.com/5ldoya9l,22,"Stablecoin_Paymentsx1,APAC_Marketx2,Investor_Fundraisex1"
2026-10-06,Tue 6 Oct,18:30,21:00,APAC Onchain Capital Markets Dinner,The Capital Summit,Party/Dinner,Conrad Singapore Orchard,luma.com,YES,https://luma.com/98b6ck1t,15,"APAC_Marketx2,Investor_Fundraisex1,Infra_Interopx1"
2026-10-07,Wed 7 Oct,07:30,09:30,Stablecoin Morning 5K Run,Codex FX,Workshop/Hackathon,Guzman y Gomez - Ocean Financial Centre,luma.com,YES,https://luma.com/a3dvp6r5,12,Stablecoin_Paymentsx2
2026-10-07,Wed 7 Oct,11:00,14:00,Founders & Investors Brunch ✨ (invite only) Singapore,fractl -web3's largest investor network,Networking,,luma.com,YES,https://luma.com/mg6hn1ve,15,"Institutional_DATx1,APAC_Marketx1,Investor_Fundraisex1"
2026-10-07,Wed 7 Oct,14:30,17:00,1st Liquidity Wins: Making Markets in Asia's Local Stablecoins with Sera.cx,Sera.cx,Workshop/Hackathon,Centurion Haus Singapore,luma.com,YES,https://luma.com/lbmwf1rg,18,"Stablecoin_Paymentsx1,APAC_Marketx2"
2026-10-07,Wed 7 Oct,17:00,17:30,TOKEN2049 NEXUS Startup Competition,TOKEN2049,Startup Competition,Marina Bay Sands,token2049.com,,https://token2049.com/singapore/nexus-startup-competition,12,Investor_Fundraisex1
2026-10-07,Wed 7 Oct,18:00,20:00,Digital Capital at The National Gallery - Founders/Family Offices/Investors,Hoko Agency,Networking,National Gallery Singapore,luma.com,YES,https://luma.com/iscvsjl9?locale=en-GB,23,"Institutional_DATx2,APAC_Marketx1,Investor_Fundraisex2"
2026-10-07,Wed 7 Oct,20:00,23:00,Powering Modern Payments,UPay,Networking,"Mandarin Oriental, Singapore",luma.com,YES,https://luma.com/TBE-UPAY,11,"Stablecoin_Paymentsx1,APAC_Marketx1"
2026-10-08,Thu 8 Oct,08:30,12:00,"Payments, Treasury and Tokenization Summit 2026","8 circle, XDC, PWC and in collaboration with Microsoft",Conference/Summit,PwC Singapore,luma.com,YES,https://luma.com/dnonqx1u,25,"RWA_Tokenizationx2,Stablecoin_Paymentsx1,APAC_Marketx1"
2026-10-08,Thu 8 Oct,15:30,18:30,"The Treasury Table: A CFO Summit on Stablecoins, Payments, and the Future of Business Banking",Personal,Conference/Summit,,luma.com,YES,https://luma.com/k8jylkcm,25,"RWA_Tokenizationx1,Enterprise_Chainx1,Stablecoin_Paymentsx2"
2026-10-08,Thu 8 Oct,18:30,22:00,Money Layer Singapore,Capvise Group,Conference/Summit,,luma.com,YES,https://luma.com/m56wbw7r,13,"Stablecoin_Paymentsx1,APAC_Marketx1"
2026-10-09,Fri 9 Oct,10:00,17:00,RWA SUMMIT SINGAPORE,UVECON.VC | UVC GROUP,Conference/Summit,Marina One West Tower,luma.com,YES,https://luma.com/rwasummit,19,"RWA_Tokenizationx1,Institutional_DATx1,APAC_Marketx1"
2026-10-09,Fri 9 Oct,19:30,22:30,"The Institutional Table: Private Dinner on Tokenization, Stablecoins and Se",QuillAudits,Party/Dinner,,luma.com,YES,https://luma.com/quilla-00kv,17,"RWA_Tokenizationx1,Regulation_Compliancex1,Stablecoin_Paymentsx1,Institutional_DATx1"
